variant,pos,p,logp,is_lead
chr2_90219902,90219902,2.05017845709538e-37,36.6882083342815,TRUE
chr2_90220982,90220982,2.05017845709538e-37,36.6882083342815,FALSE
chr2_90221325,90221325,2.05017845709538e-37,36.6882083342815,FALSE
chr2_90253352,90253352,2.05017845709538e-37,36.6882083342815,FALSE
chr2_90255618,90255618,2.05017845709538e-37,36.6882083342815,FALSE
chr2_90165081,90165081,8.92422355860855e-31,30.0494295588438,FALSE
chr2_90165709,90165709,1.32093515504716e-30,29.8791185014592,FALSE
chr2_90119076,90119076,1.65189434998197e-30,29.78201773225,FALSE
chr2_90119140,90119140,1.65189434998197e-30,29.78201773225,FALSE
chr2_90159826,90159826,1.65189434998197e-30,29.78201773225,FALSE
chr2_90159827,90159827,1.65189434998197e-30,29.78201773225,FALSE
chr2_90159828,90159828,1.65189434998197e-30,29.78201773225,FALSE
chr2_90159829,90159829,1.65189434998197e-30,29.78201773225,FALSE
chr2_90159847,90159847,1.65189434998197e-30,29.78201773225,FALSE
chr2_90159870,90159870,1.65189434998197e-30,29.78201773225,FALSE
chr2_90159937,90159937,1.65189434998197e-30,29.78201773225,FALSE
chr2_90159939,90159939,1.65189434998197e-30,29.78201773225,FALSE
chr2_90159947,90159947,1.65189434998197e-30,29.78201773225,FALSE
chr2_90159948,90159948,1.65189434998197e-30,29.78201773225,FALSE
chr2_90160336,90160336,1.65189434998197e-30,29.78201773225,FALSE
chr2_90160662,90160662,1.65189434998197e-30,29.78201773225,FALSE
chr2_90160878,90160878,1.65189434998197e-30,29.78201773225,FALSE
chr2_90160927,90160927,1.65189434998197e-30,29.78201773225,FALSE
chr2_90161141,90161141,1.65189434998197e-30,29.78201773225,FALSE
chr2_90161150,90161150,1.65189434998197e-30,29.78201773225,FALSE
chr2_90161326,90161326,1.65189434998197e-30,29.78201773225,FALSE
chr2_90161537,90161537,1.65189434998197e-30,29.78201773225,FALSE
chr2_90161809,90161809,1.65189434998197e-30,29.78201773225,FALSE
chr2_90161839,90161839,1.65189434998197e-30,29.78201773225,FALSE
chr2_90161862,90161862,1.65189434998197e-30,29.78201773225,FALSE
chr2_90162040,90162040,1.65189434998197e-30,29.78201773225,FALSE
chr2_90162300,90162300,1.65189434998197e-30,29.78201773225,FALSE
chr2_90162349,90162349,1.65189434998197e-30,29.78201773225,FALSE
chr2_90162474,90162474,1.65189434998197e-30,29.78201773225,FALSE
chr2_90162817,90162817,1.65189434998197e-30,29.78201773225,FALSE
chr2_90163236,90163236,1.65189434998197e-30,29.78201773225,FALSE
chr2_90163238,90163238,1.65189434998197e-30,29.78201773225,FALSE
chr2_90163309,90163309,1.65189434998197e-30,29.78201773225,FALSE
chr2_90163486,90163486,1.65189434998197e-30,29.78201773225,FALSE
chr2_90163943,90163943,1.65189434998197e-30,29.78201773225,FALSE
chr2_90164033,90164033,1.65189434998197e-30,29.78201773225,FALSE
chr2_90164118,90164118,1.65189434998197e-30,29.78201773225,FALSE
chr2_90164217,90164217,1.65189434998197e-30,29.78201773225,FALSE
chr2_90164582,90164582,1.65189434998197e-30,29.78201773225,FALSE
chr2_90164877,90164877,1.65189434998197e-30,29.78201773225,FALSE
chr2_90164949,90164949,1.65189434998197e-30,29.78201773225,FALSE
chr2_90165237,90165237,1.65189434998197e-30,29.78201773225,FALSE
chr2_90165271,90165271,1.65189434998197e-30,29.78201773225,FALSE
chr2_90165303,90165303,1.65189434998197e-30,29.78201773225,FALSE
chr2_90165413,90165413,1.65189434998197e-30,29.78201773225,FALSE
chr2_90165466,90165466,1.65189434998197e-30,29.78201773225,FALSE
chr2_90165576,90165576,1.65189434998197e-30,29.78201773225,FALSE
chr2_90165606,90165606,1.65189434998197e-30,29.78201773225,FALSE
chr2_90165656,90165656,1.65189434998197e-30,29.78201773225,FALSE
chr2_90165721,90165721,1.65189434998197e-30,29.78201773225,FALSE
chr2_90165853,90165853,1.65189434998197e-30,29.78201773225,FALSE
chr2_90165897,90165897,1.65189434998197e-30,29.78201773225,FALSE
chr2_90165995,90165995,1.65189434998197e-30,29.78201773225,FALSE
chr2_90166078,90166078,1.65189434998197e-30,29.78201773225,FALSE
chr2_90166171,90166171,1.65189434998197e-30,29.78201773225,FALSE
chr2_90166366,90166366,1.65189434998197e-30,29.78201773225,FALSE
chr2_90166601,90166601,1.65189434998197e-30,29.78201773225,FALSE
chr2_90166659,90166659,1.65189434998197e-30,29.78201773225,FALSE
chr2_90166738,90166738,1.65189434998197e-30,29.78201773225,FALSE
chr2_90166762,90166762,1.65189434998197e-30,29.78201773225,FALSE
chr2_90166951,90166951,1.65189434998197e-30,29.78201773225,FALSE
chr2_90167001,90167001,1.65189434998197e-30,29.78201773225,FALSE
chr2_90167090,90167090,1.65189434998197e-30,29.78201773225,FALSE
chr2_90167136,90167136,1.65189434998197e-30,29.78201773225,FALSE
chr2_90167213,90167213,1.65189434998197e-30,29.78201773225,FALSE
chr2_90167245,90167245,1.65189434998197e-30,29.78201773225,FALSE
chr2_90167347,90167347,1.65189434998197e-30,29.78201773225,FALSE
chr2_90167431,90167431,1.65189434998197e-30,29.78201773225,FALSE
chr2_90167432,90167432,1.65189434998197e-30,29.78201773225,FALSE
chr2_90167520,90167520,1.65189434998197e-30,29.78201773225,FALSE
chr2_90167528,90167528,1.65189434998197e-30,29.78201773225,FALSE
chr2_90167576,90167576,1.65189434998197e-30,29.78201773225,FALSE
chr2_90167617,90167617,1.65189434998197e-30,29.78201773225,FALSE
chr2_90167942,90167942,1.65189434998197e-30,29.78201773225,FALSE
chr2_90168001,90168001,1.65189434998197e-30,29.78201773225,FALSE
chr2_90172286,90172286,3.16395112636166e-30,29.4997702336811,FALSE
chr2_90095062,90095062,3.46480857779685e-30,29.4603207540978,FALSE
chr2_90168855,90168855,4.21183428479615e-30,29.375528724527,FALSE
chr2_90169897,90169897,4.21183428479615e-30,29.375528724527,FALSE
chr2_90190408,90190408,4.21183428479615e-30,29.375528724527,FALSE
chr2_90195725,90195725,4.21183428479615e-30,29.375528724527,FALSE
chr2_90167275,90167275,8.99146051326569e-30,29.0461697586189,FALSE
chr2_90213924,90213924,2.12323191881121e-29,28.6730025656273,FALSE
chr2_90123874,90123874,2.28638123373426e-29,28.6408513531608,FALSE
chr2_90213579,90213579,2.95137918183823e-29,28.5299749904319,FALSE
chr2_90262156,90262156,3.16330384664066e-29,28.4998590905435,FALSE
chr2_90262780,90262780,3.16330384664066e-29,28.4998590905435,FALSE
chr2_90158464,90158464,4.27848922917089e-29,28.3687095569825,FALSE
chr2_90130158,90130158,4.6612468279098e-29,28.3314978991783,FALSE
chr2_90136833,90136833,4.6612468279098e-29,28.3314978991783,FALSE
chr2_90155876,90155876,4.6612468279098e-29,28.3314978991783,FALSE
chr2_90156070,90156070,4.6612468279098e-29,28.3314978991783,FALSE
chr2_90156081,90156081,4.6612468279098e-29,28.3314978991783,FALSE
chr2_90156268,90156268,4.6612468279098e-29,28.3314978991783,FALSE
chr2_90156315,90156315,4.6612468279098e-29,28.3314978991783,FALSE
chr2_90156584,90156584,4.6612468279098e-29,28.3314978991783,FALSE
chr2_90156964,90156964,4.6612468279098e-29,28.3314978991783,FALSE
chr2_90157434,90157434,4.6612468279098e-29,28.3314978991783,FALSE
chr2_90157517,90157517,4.6612468279098e-29,28.3314978991783,FALSE
chr2_90157710,90157710,4.6612468279098e-29,28.3314978991783,FALSE
chr2_90157844,90157844,4.6612468279098e-29,28.3314978991783,FALSE
chr2_90158415,90158415,4.6612468279098e-29,28.3314978991783,FALSE
chr2_90158486,90158486,4.6612468279098e-29,28.3314978991783,FALSE
chr2_90158544,90158544,4.6612468279098e-29,28.3314978991783,FALSE
chr2_90158630,90158630,4.6612468279098e-29,28.3314978991783,FALSE
chr2_90158800,90158800,4.6612468279098e-29,28.3314978991783,FALSE
chr2_90158963,90158963,4.6612468279098e-29,28.3314978991783,FALSE
chr2_90158976,90158976,4.6612468279098e-29,28.3314978991783,FALSE
chr2_90159097,90159097,4.6612468279098e-29,28.3314978991783,FALSE
chr2_90159228,90159228,4.6612468279098e-29,28.3314978991783,FALSE
chr2_90159411,90159411,4.6612468279098e-29,28.3314978991783,FALSE
chr2_90159432,90159432,4.6612468279098e-29,28.3314978991783,FALSE
chr2_90159700,90159700,4.6612468279098e-29,28.3314978991783,FALSE
chr2_90159740,90159740,4.6612468279098e-29,28.3314978991783,FALSE
chr2_90159759,90159759,4.6612468279098e-29,28.3314978991783,FALSE
chr2_90159774,90159774,4.6612468279098e-29,28.3314978991783,FALSE
chr2_90159783,90159783,4.6612468279098e-29,28.3314978991783,FALSE
chr2_90159788,90159788,4.6612468279098e-29,28.3314978991783,FALSE
chr2_90159789,90159789,4.6612468279098e-29,28.3314978991783,FALSE
chr2_90159807,90159807,4.6612468279098e-29,28.3314978991783,FALSE
chr2_90159812,90159812,4.6612468279098e-29,28.3314978991783,FALSE
chr2_90159819,90159819,4.6612468279098e-29,28.3314978991783,FALSE
chr2_90160080,90160080,4.6612468279098e-29,28.3314978991783,FALSE
chr2_90160272,90160272,4.6612468279098e-29,28.3314978991783,FALSE
chr2_90157186,90157186,2.1047430331998e-28,27.6768009193417,FALSE
chr2_90158430,90158430,2.17092805668997e-28,27.663354568577,FALSE
chr2_90151813,90151813,4.0885313024184e-28,27.3884326728745,FALSE
chr2_90151876,90151876,4.0885313024184e-28,27.3884326728745,FALSE
chr2_90151947,90151947,4.0885313024184e-28,27.3884326728745,FALSE
chr2_90152027,90152027,4.0885313024184e-28,27.3884326728745,FALSE
chr2_90152037,90152037,4.0885313024184e-28,27.3884326728745,FALSE
chr2_90152038,90152038,4.0885313024184e-28,27.3884326728745,FALSE
chr2_90152214,90152214,4.0885313024184e-28,27.3884326728745,FALSE
chr2_90152359,90152359,4.0885313024184e-28,27.3884326728745,FALSE
chr2_90152402,90152402,4.0885313024184e-28,27.3884326728745,FALSE
chr2_90155737,90155737,4.0885313024184e-28,27.3884326728745,FALSE
chr2_90156633,90156633,4.0885313024184e-28,27.3884326728745,FALSE
chr2_90156664,90156664,4.0885313024184e-28,27.3884326728745,FALSE
chr2_90156807,90156807,4.0885313024184e-28,27.3884326728745,FALSE
chr2_90156898,90156898,4.0885313024184e-28,27.3884326728745,FALSE
chr2_90157047,90157047,4.0885313024184e-28,27.3884326728745,FALSE
chr2_90157200,90157200,4.0885313024184e-28,27.3884326728745,FALSE
chr2_90157940,90157940,4.0885313024184e-28,27.3884326728745,FALSE
chr2_90153326,90153326,4.16947676107999e-28,27.3799184423964,FALSE
chr2_90153442,90153442,4.16947676107999e-28,27.3799184423964,FALSE
chr2_90153443,90153443,4.16947676107999e-28,27.3799184423964,FALSE
chr2_90153448,90153448,4.16947676107999e-28,27.3799184423964,FALSE
chr2_90153821,90153821,4.16947676107999e-28,27.3799184423964,FALSE
chr2_90153979,90153979,4.16947676107999e-28,27.3799184423964,FALSE
chr2_90154567,90154567,4.16947676107999e-28,27.3799184423964,FALSE
chr2_90154579,90154579,4.16947676107999e-28,27.3799184423964,FALSE
chr2_90154889,90154889,4.16947676107999e-28,27.3799184423964,FALSE
chr2_90141898,90141898,5.23854882745791e-28,27.280789003763,FALSE
chr2_90164475,90164475,8.30259927820794e-28,27.0807859226287,FALSE
chr2_90166485,90166485,8.30259927820794e-28,27.0807859226287,FALSE
chr2_90152128,90152128,3.39745607822443e-27,26.4688461490496,FALSE
chr2_90152726,90152726,3.42623831020723e-27,26.4651824331952,FALSE
chr2_90152848,90152848,3.42623831020723e-27,26.4651824331952,FALSE
chr2_90152851,90152851,3.42623831020723e-27,26.4651824331952,FALSE
chr2_90153560,90153560,3.42623831020723e-27,26.4651824331952,FALSE
chr2_90153624,90153624,3.42623831020723e-27,26.4651824331952,FALSE
chr2_90154172,90154172,3.42623831020723e-27,26.4651824331952,FALSE
chr2_90154653,90154653,3.42623831020723e-27,26.4651824331952,FALSE
chr2_90155495,90155495,3.42623831020723e-27,26.4651824331952,FALSE
chr2_90153833,90153833,4.05922668320256e-27,26.3915566952915,FALSE
chr2_90143854,90143854,4.2675247793005e-27,26.3698239484834,FALSE
chr2_90218835,90218835,7.72889803144021e-27,26.1118824223793,FALSE
chr2_90219567,90219567,7.72889803144021e-27,26.1118824223793,FALSE
chr2_90221099,90221099,7.72889803144021e-27,26.1118824223793,FALSE
chr2_90255453,90255453,7.72889803144021e-27,26.1118824223793,FALSE
chr2_90256880,90256880,7.72889803144021e-27,26.1118824223793,FALSE
chr2_90071348,90071348,2.24176476812726e-26,25.6494099605475,FALSE
chr2_90252829,90252829,4.7489003295214e-26,25.323406945346,FALSE
chr2_90265222,90265222,4.9770838262329e-26,25.3030250446159,FALSE
chr2_90158860,90158860,1.22402458360381e-25,24.9122098596282,FALSE
chr2_90164544,90164544,5.56113326729891e-25,24.2548366973419,FALSE
chr2_90088986,90088986,1.48473469341422e-24,23.828351143303,FALSE
chr2_90110563,90110563,1.48473469341422e-24,23.828351143303,FALSE
chr2_90113033,90113033,1.48473469341422e-24,23.828351143303,FALSE
chr2_90115273,90115273,1.48473469341422e-24,23.828351143303,FALSE
chr2_90166478,90166478,1.48473469341422e-24,23.828351143303,FALSE
chr2_90217497,90217497,7.12415227631463e-24,23.1472668062138,FALSE
chr2_90254364,90254364,7.12415227631463e-24,23.1472668062138,FALSE
chr2_90254636,90254636,7.12415227631463e-24,23.1472668062138,FALSE
chr2_90089670,90089670,8.85538335933449e-24,23.0527926329787,FALSE
chr2_90095478,90095478,8.85538335933449e-24,23.0527926329787,FALSE
chr2_90110540,90110540,8.85538335933449e-24,23.0527926329787,FALSE
chr2_90122200,90122200,8.85538335933449e-24,23.0527926329787,FALSE
chr2_90134134,90134134,2.73192983373559e-23,22.5635304591679,FALSE
chr2_90136704,90136704,2.73192983373559e-23,22.5635304591679,FALSE
chr2_90158182,90158182,2.73192983373559e-23,22.5635304591679,FALSE
chr2_90169808,90169808,4.3913708375978e-23,22.3573998865299,FALSE
chr2_90170682,90170682,4.3913708375978e-23,22.3573998865299,FALSE
chr2_90178778,90178778,4.3913708375978e-23,22.3573998865299,FALSE
chr2_90189501,90189501,4.3913708375978e-23,22.3573998865299,FALSE
chr2_90193356,90193356,4.3913708375978e-23,22.3573998865299,FALSE
chr2_90083511,90083511,1.32371968698605e-22,21.8782039720595,FALSE
chr2_90154921,90154921,1.91259228082297e-22,21.7183776013585,FALSE
chr2_90071542,90071542,6.7325280996309e-22,21.1718218252927,FALSE
chr2_90081309,90081309,6.7325280996309e-22,21.1718218252927,FALSE
chr2_90142928,90142928,1.20442836872918e-21,20.9192190238024,FALSE
chr2_90255415,90255415,2.11141103174061e-21,20.6754272136652,FALSE
chr2_90258822,90258822,2.11141103174061e-21,20.6754272136652,FALSE
chr2_90215745,90215745,8.16657769186624e-21,20.0879599019644,FALSE
chr2_90217973,90217973,8.16657769186624e-21,20.0879599019644,FALSE
chr2_90253662,90253662,8.16657769186624e-21,20.0879599019644,FALSE
chr2_90254093,90254093,8.16657769186624e-21,20.0879599019644,FALSE
chr2_90220052,90220052,8.94994831683321e-20,19.0481794725924,FALSE
chr2_90011454,90011454,1.47128844904997e-18,17.8323021746212,FALSE
chr2_90026590,90026590,1.9469559634526e-18,17.7106438713078,FALSE
chr2_90069098,90069098,2.28122515624825e-18,17.6418318478709,FALSE
chr2_90062328,90062328,3.10562133457223e-18,17.5078514984887,FALSE
chr2_90265380,90265380,3.68533244449037e-18,17.4335233294344,FALSE
chr2_89988799,89988799,6.19066130618054e-18,17.2082629557804,FALSE
chr2_89996901,89996901,6.19066130618054e-18,17.2082629557804,FALSE
chr2_89998176,89998176,6.19066130618054e-18,17.2082629557804,FALSE
chr2_89998326,89998326,6.19066130618054e-18,17.2082629557804,FALSE
chr2_90183325,90183325,7.10759559495618e-18,17.1482772904722,FALSE
chr2_90261406,90261406,8.5909119296293e-18,17.0659607331437,FALSE
chr2_90091498,90091498,1.228237831427e-17,16.9107175298761,FALSE
chr2_90107199,90107199,1.228237831427e-17,16.9107175298761,FALSE
chr2_90113652,90113652,1.228237831427e-17,16.9107175298761,FALSE
chr2_90120064,90120064,1.228237831427e-17,16.9107175298761,FALSE
chr2_90176138,90176138,1.228237831427e-17,16.9107175298761,FALSE
chr2_90183827,90183827,1.228237831427e-17,16.9107175298761,FALSE
chr2_90188410,90188410,1.228237831427e-17,16.9107175298761,FALSE
chr2_90193959,90193959,1.228237831427e-17,16.9107175298761,FALSE
chr2_90194825,90194825,1.228237831427e-17,16.9107175298761,FALSE
chr2_90197503,90197503,1.228237831427e-17,16.9107175298761,FALSE
chr2_90198576,90198576,1.228237831427e-17,16.9107175298761,FALSE
chr2_90200424,90200424,1.228237831427e-17,16.9107175298761,FALSE
chr2_90203053,90203053,1.228237831427e-17,16.9107175298761,FALSE
chr2_90205826,90205826,1.228237831427e-17,16.9107175298761,FALSE
chr2_89974033,89974033,1.46163422718183e-17,16.8351612956349,FALSE
chr2_90173209,90173209,1.5595494657168e-17,16.8070008457564,FALSE
chr2_90166613,90166613,2.19790344476838e-17,16.6579913903135,FALSE
chr2_90075377,90075377,2.21068364851914e-17,16.6554734010361,FALSE
chr2_90161041,90161041,2.28428686145194e-17,16.6412493581658,FALSE
chr2_90195660,90195660,2.28428686145194e-17,16.6412493581658,FALSE
chr2_90162984,90162984,2.3537863734353e-17,16.6282329557017,FALSE
chr2_90097984,90097984,2.36864226557334e-17,16.6255005255242,FALSE
chr2_90115345,90115345,2.36864226557334e-17,16.6255005255242,FALSE
chr2_90126141,90126141,2.36864226557334e-17,16.6255005255242,FALSE
chr2_90127258,90127258,2.36864226557334e-17,16.6255005255242,FALSE
chr2_90116467,90116467,4.71105744918093e-17,16.3268815997078,FALSE
chr2_90159217,90159217,4.9524694611154e-17,16.3051781938126,FALSE
chr2_90130467,90130467,5.30666603661097e-17,16.2751782428814,FALSE
chr2_90132351,90132351,5.74672266885922e-17,16.2405797609819,FALSE
chr2_90093242,90093242,7.73601228010314e-17,16.1114828495278,FALSE
chr2_90095363,90095363,7.73601228010314e-17,16.1114828495278,FALSE
chr2_90096134,90096134,7.73601228010314e-17,16.1114828495278,FALSE
chr2_90110707,90110707,7.73601228010314e-17,16.1114828495278,FALSE
chr2_90114469,90114469,7.73601228010314e-17,16.1114828495278,FALSE
chr2_90080901,90080901,8.37146187046253e-17,16.0771986965063,FALSE
chr2_90083731,90083731,8.37146187046253e-17,16.0771986965063,FALSE
chr2_90142094,90142094,1.32905762973704e-16,15.8764561870526,FALSE
chr2_90157413,90157413,1.83302836080463e-16,15.7368308155366,FALSE
chr2_90155711,90155711,1.95374408617758e-16,15.7091323235444,FALSE
chr2_90157989,90157989,1.95374408617758e-16,15.7091323235444,FALSE
chr2_89861790,89861790,2.47949994063957e-16,15.6056358977701,FALSE
chr2_90137845,90137845,2.50211314911315e-16,15.6016930547847,FALSE
chr2_90171982,90171982,2.61801806245435e-16,15.5820273614533,FALSE
chr2_90069936,90069936,2.99221238887181e-16,15.5240075832536,FALSE
chr2_89933870,89933870,3.30889604469314e-16,15.4803168768188,FALSE
chr2_89852811,89852811,3.41108374402592e-16,15.4671076182877,FALSE
chr2_90196549,90196549,3.99242564036513e-16,15.3987631639258,FALSE
chr2_89955783,89955783,6.85639829627636e-16,15.1639039616726,FALSE
chr2_90133779,90133779,7.78621126581316e-16,15.108673816604,FALSE
chr2_90135869,90135869,7.78621126581316e-16,15.108673816604,FALSE
chr2_90137108,90137108,7.78621126581316e-16,15.108673816604,FALSE
chr2_90139144,90139144,7.78621126581316e-16,15.108673816604,FALSE
chr2_90139559,90139559,7.78621126581316e-16,15.108673816604,FALSE
chr2_90151672,90151672,7.78621126581316e-16,15.108673816604,FALSE
chr2_90151844,90151844,7.78621126581316e-16,15.108673816604,FALSE
chr2_90152131,90152131,7.78621126581316e-16,15.108673816604,FALSE
chr2_90201891,90201891,1.05905490533948e-15,14.97508152387,FALSE
chr2_90208982,90208982,1.05905490533948e-15,14.97508152387,FALSE
chr2_90213874,90213874,1.05905490533948e-15,14.97508152387,FALSE
chr2_90058279,90058279,1.09715127160335e-15,14.9597334892043,FALSE
chr2_89066398,89066398,1.19327416121177e-15,14.9232597633521,FALSE
chr2_90142031,90142031,1.45203364638744e-15,14.8380233200883,FALSE
chr2_90143935,90143935,1.45203364638744e-15,14.8380233200883,FALSE
chr2_90073474,90073474,2.09968308202533e-15,14.6778462510347,FALSE
chr2_89994951,89994951,2.88950905956274e-15,14.5391759395392,FALSE
chr2_90259397,90259397,3.03487646005743e-15,14.5178589829437,FALSE
chr2_89955621,89955621,3.05287976447923e-15,14.515290299747,FALSE
chr2_90054232,90054232,3.40636414007345e-15,14.4677089278439,FALSE
chr2_90062592,90062592,3.40636414007345e-15,14.4677089278439,FALSE
chr2_89083250,89083250,3.62227261663653e-15,14.4410188672617,FALSE
chr2_89087374,89087374,3.62227261663653e-15,14.4410188672617,FALSE
chr2_89090342,89090342,3.62227261663653e-15,14.4410188672617,FALSE
chr2_89092807,89092807,3.62227261663653e-15,14.4410188672617,FALSE
chr2_89093968,89093968,3.62227261663653e-15,14.4410188672617,FALSE
chr2_89095244,89095244,4.44029712999258e-15,14.3525879673632,FALSE
chr2_90110890,90110890,5.16551438832747e-15,14.2868864244079,FALSE
chr2_90013796,90013796,5.70028901811753e-15,14.2441031240132,FALSE
chr2_90065868,90065868,5.70028901811753e-15,14.2441031240132,FALSE
chr2_90067545,90067545,5.70028901811753e-15,14.2441031240132,FALSE
chr2_89065567,89065567,7.71349658419847e-15,14.1127487084618,FALSE
chr2_89082400,89082400,7.71349658419847e-15,14.1127487084618,FALSE
chr2_89089477,89089477,7.71349658419847e-15,14.1127487084618,FALSE
chr2_89974385,89974385,9.68104117325102e-15,14.0140779328278,FALSE
chr2_89986465,89986465,9.68104117325102e-15,14.0140779328278,FALSE
chr2_89950226,89950226,1.21155660649963e-14,13.9166562898912,FALSE
chr2_89050610,89050610,1.21357434255719e-14,13.9159336139975,FALSE
chr2_89051602,89051602,1.21357434255719e-14,13.9159336139975,FALSE
chr2_89052626,89052626,1.21357434255719e-14,13.9159336139975,FALSE
chr2_89993407,89993407,1.44055481033003e-14,13.8414702130024,FALSE
chr2_89968860,89968860,1.44457119807171e-14,13.8402610483732,FALSE
chr2_89977447,89977447,1.62449384705774e-14,13.7892819292522,FALSE
chr2_90165704,90165704,1.6306336576961e-14,13.7876435977039,FALSE
chr2_90212665,90212665,1.79406495843438e-14,13.7461618363316,FALSE
chr2_90120687,90120687,1.83466587621742e-14,13.736443016604,FALSE
chr2_89038510,89038510,2.28668336324831e-14,13.6407939679312,FALSE
chr2_89044841,89044841,2.28668336324831e-14,13.6407939679312,FALSE
chr2_89045783,89045783,2.28668336324831e-14,13.6407939679312,FALSE
chr2_90214753,90214753,2.33152758328765e-14,13.6323594422302,FALSE
chr2_89988573,89988573,2.56751536247135e-14,13.5904869491653,FALSE
chr2_90009023,90009023,2.74916468809094e-14,13.5607992430642,FALSE
chr2_89035018,89035018,2.75993612691545e-14,13.5591009686772,FALSE
chr2_89213290,89213290,4.33170932651651e-14,13.3633406938116,FALSE
chr2_89850599,89850599,4.34969611118395e-14,13.3615410836996,FALSE
chr2_89850853,89850853,4.34969611118395e-14,13.3615410836996,FALSE
chr2_89850854,89850854,4.34969611118395e-14,13.3615410836996,FALSE
chr2_89850917,89850917,4.34969611118395e-14,13.3615410836996,FALSE
chr2_89850956,89850956,4.34969611118395e-14,13.3615410836996,FALSE
chr2_89850963,89850963,4.34969611118395e-14,13.3615410836996,FALSE
chr2_89850964,89850964,4.34969611118395e-14,13.3615410836996,FALSE
chr2_89851072,89851072,4.34969611118395e-14,13.3615410836996,FALSE
chr2_89851133,89851133,4.34969611118395e-14,13.3615410836996,FALSE
chr2_89851181,89851181,4.34969611118395e-14,13.3615410836996,FALSE
chr2_89851194,89851194,4.34969611118395e-14,13.3615410836996,FALSE
chr2_89851201,89851201,4.34969611118395e-14,13.3615410836996,FALSE
chr2_89851207,89851207,4.34969611118395e-14,13.3615410836996,FALSE
chr2_89851386,89851386,4.34969611118395e-14,13.3615410836996,FALSE
chr2_89851459,89851459,4.34969611118395e-14,13.3615410836996,FALSE
chr2_89851541,89851541,4.34969611118395e-14,13.3615410836996,FALSE
chr2_89851838,89851838,4.34969611118395e-14,13.3615410836996,FALSE
chr2_89851888,89851888,4.34969611118395e-14,13.3615410836996,FALSE
chr2_89851892,89851892,4.34969611118395e-14,13.3615410836996,FALSE
chr2_89851902,89851902,4.34969611118395e-14,13.3615410836996,FALSE
chr2_89852038,89852038,4.34969611118395e-14,13.3615410836996,FALSE
chr2_89852190,89852190,4.34969611118395e-14,13.3615410836996,FALSE
chr2_89852308,89852308,4.34969611118395e-14,13.3615410836996,FALSE
chr2_89852311,89852311,4.34969611118395e-14,13.3615410836996,FALSE
chr2_89852397,89852397,4.34969611118395e-14,13.3615410836996,FALSE
chr2_89852583,89852583,4.34969611118395e-14,13.3615410836996,FALSE
chr2_89852589,89852589,4.34969611118395e-14,13.3615410836996,FALSE
chr2_89852598,89852598,4.34969611118395e-14,13.3615410836996,FALSE
chr2_89852658,89852658,4.34969611118395e-14,13.3615410836996,FALSE
chr2_89852666,89852666,4.34969611118395e-14,13.3615410836996,FALSE
chr2_89852723,89852723,4.34969611118395e-14,13.3615410836996,FALSE
chr2_89852737,89852737,4.34969611118395e-14,13.3615410836996,FALSE
chr2_89852808,89852808,4.34969611118395e-14,13.3615410836996,FALSE
chr2_89853271,89853271,4.34969611118395e-14,13.3615410836996,FALSE
chr2_89853344,89853344,4.34969611118395e-14,13.3615410836996,FALSE
chr2_89853345,89853345,4.34969611118395e-14,13.3615410836996,FALSE
chr2_89853447,89853447,4.34969611118395e-14,13.3615410836996,FALSE
chr2_89853593,89853593,4.34969611118395e-14,13.3615410836996,FALSE
chr2_89853625,89853625,4.34969611118395e-14,13.3615410836996,FALSE
chr2_89939338,89939338,4.7132104578983e-14,13.3266831673562,FALSE
chr2_89850639,89850639,4.81644928118403e-14,13.3172730086194,FALSE
chr2_90093024,90093024,5.08781768358963e-14,13.293468459551,FALSE
chr2_90008509,90008509,6.89475119449901e-14,13.1614814012511,FALSE
chr2_89156090,89156090,7.98746947540316e-14,13.097590788513,FALSE
chr2_90002831,90002831,8.58416868509851e-14,13.0663017567588,FALSE
chr2_88896665,88896665,1.20350265663876e-13,12.9195529467165,FALSE
chr2_88912941,88912941,1.20350265663876e-13,12.9195529467165,FALSE
chr2_88922334,88922334,1.20350265663876e-13,12.9195529467165,FALSE
chr2_90141740,90141740,1.22224370988924e-13,12.9128421890958,FALSE
chr2_90081906,90081906,1.50467139658374e-13,12.8225583347761,FALSE
chr2_90081939,90081939,1.50467139658374e-13,12.8225583347761,FALSE
chr2_90172967,90172967,1.53595303985273e-13,12.8136220621981,FALSE
chr2_90172968,90172968,1.53595303985273e-13,12.8136220621981,FALSE
chr2_89045930,89045930,1.58625453974674e-13,12.7996271219758,FALSE
chr2_89046170,89046170,1.58625453974674e-13,12.7996271219758,FALSE
chr2_89046392,89046392,1.58625453974674e-13,12.7996271219758,FALSE
chr2_89036864,89036864,1.60471739953343e-13,12.7946014384177,FALSE
chr2_89022925,89022925,1.64931604788227e-13,12.7826961153079,FALSE
chr2_89028715,89028715,1.64931604788227e-13,12.7826961153079,FALSE
chr2_89969477,89969477,2.15675243052663e-13,12.6661997038668,FALSE
chr2_89038175,89038175,2.34862769388497e-13,12.6291858224333,FALSE
chr2_89853178,89853178,2.66935599039594e-13,12.5735935040113,FALSE
chr2_88899322,88899322,2.82942471400725e-13,12.5483018573838,FALSE
chr2_89136769,89136769,3.13981911055825e-13,12.5030953715285,FALSE
chr2_89302274,89302274,3.4092171493319e-13,12.4673453355992,FALSE
chr2_89018805,89018805,3.53392293728886e-13,12.4517429251957,FALSE
chr2_89295844,89295844,4.74657460096512e-13,12.3236196890173,FALSE
chr2_88888274,88888274,5.23116825010772e-13,12.2814013115309,FALSE
chr2_88890717,88890717,5.23116825010772e-13,12.2814013115309,FALSE
chr2_88918587,88918587,5.87944192327135e-13,12.2306638952072,FALSE
chr2_89074498,89074498,6.11320054203546e-13,12.2137313570532,FALSE
chr2_89004291,89004291,6.94875621494108e-13,12.1580929245219,FALSE
chr2_89159240,89159240,8.97244506389098e-13,12.0470891920666,FALSE
chr2_90082833,90082833,1.02417311391912e-12,11.9896266292337,FALSE
chr2_89105661,89105661,1.13572975859264e-12,11.9447249946057,FALSE
chr2_89019123,89019123,1.14599297575054e-12,11.9408180443251,FALSE
chr2_89020059,89020059,1.14599297575054e-12,11.9408180443251,FALSE
chr2_88908564,88908564,1.16578482159693e-12,11.933381603451,FALSE
chr2_88902376,88902376,1.59671798052153e-12,11.7967717841239,FALSE
chr2_89009927,89009927,1.70305057028478e-12,11.7687724559308,FALSE
chr2_89170725,89170725,2.27249562913662e-12,11.6434969434167,FALSE
chr2_88925100,88925100,2.41344036352218e-12,11.6173634281953,FALSE
chr2_88940187,88940187,2.41344036352218e-12,11.6173634281953,FALSE
chr2_88942616,88942616,2.41344036352218e-12,11.6173634281953,FALSE
chr2_88951612,88951612,2.41344036352218e-12,11.6173634281953,FALSE
chr2_88956245,88956245,2.41344036352218e-12,11.6173634281953,FALSE
chr2_89156084,89156084,2.54044090128251e-12,11.5950909037041,FALSE
chr2_89156127,89156127,2.54044090128251e-12,11.5950909037041,FALSE
chr2_89156135,89156135,2.54044090128251e-12,11.5950909037041,FALSE
chr2_89016440,89016440,2.59945904405503e-12,11.5851170207313,FALSE
chr2_88964322,88964322,2.63566198264817e-12,11.5791102877365,FALSE
chr2_88965525,88965525,2.63566198264817e-12,11.5791102877365,FALSE
chr2_88968882,88968882,2.63566198264817e-12,11.5791102877365,FALSE
chr2_88974599,88974599,2.63566198264817e-12,11.5791102877365,FALSE
chr2_88983148,88983148,2.63566198264817e-12,11.5791102877365,FALSE
chr2_88984098,88984098,2.63566198264817e-12,11.5791102877365,FALSE
chr2_88984615,88984615,2.63566198264817e-12,11.5791102877365,FALSE
chr2_88984759,88984759,2.63566198264817e-12,11.5791102877365,FALSE
chr2_88988608,88988608,2.63566198264817e-12,11.5791102877365,FALSE
chr2_88992663,88992663,2.63566198264817e-12,11.5791102877365,FALSE
chr2_88994729,88994729,2.63566198264817e-12,11.5791102877365,FALSE
chr2_88995341,88995341,2.63566198264817e-12,11.5791102877365,FALSE
chr2_89000228,89000228,2.63566198264817e-12,11.5791102877365,FALSE
chr2_89001974,89001974,2.63566198264817e-12,11.5791102877365,FALSE
chr2_89003324,89003324,2.63566198264817e-12,11.5791102877365,FALSE
chr2_89003747,89003747,2.63566198264817e-12,11.5791102877365,FALSE
chr2_89281850,89281850,3.01544959619909e-12,11.5206479264454,FALSE
chr2_89127231,89127231,3.37076277851865e-12,11.4722718103997,FALSE
chr2_89132942,89132942,3.37076277851865e-12,11.4722718103997,FALSE
chr2_89137424,89137424,3.37076277851865e-12,11.4722718103997,FALSE
chr2_89146856,89146856,3.37076277851865e-12,11.4722718103997,FALSE
chr2_90129148,90129148,3.37817038837614e-12,11.4713184492395,FALSE
chr2_89058053,89058053,4.12458784544351e-12,11.3846194423607,FALSE
chr2_89089907,89089907,4.12458784544351e-12,11.3846194423607,FALSE
chr2_89090225,89090225,4.12458784544351e-12,11.3846194423607,FALSE
chr2_89090226,89090226,4.12458784544351e-12,11.3846194423607,FALSE
chr2_89103019,89103019,4.28508149746285e-12,11.3680409138664,FALSE
chr2_88924138,88924138,4.46642227613303e-12,11.3500402191229,FALSE
chr2_88948731,88948731,5.64254565874565e-12,11.2485249179815,FALSE
chr2_88992963,88992963,5.8820477205003e-12,11.2304714564243,FALSE
chr2_89001777,89001777,6.21907770373433e-12,11.2062740168973,FALSE
chr2_89920946,89920946,7.51468017957157e-12,11.1240894980049,FALSE
chr2_90268502,90268502,8.91361474594287e-12,11.0499461404234,FALSE
chr2_89110952,89110952,9.70430868286669e-12,11.0130353975152,FALSE
chr2_89079863,89079863,1.11171394734214e-11,10.9540069457326,FALSE
chr2_89035371,89035371,1.25512360640835e-11,10.9013135021211,FALSE
chr2_89115943,89115943,1.69023258008699e-11,10.7720535313043,FALSE
chr2_88991362,88991362,2.08163688532832e-11,10.6815950252826,FALSE
chr2_88875667,88875667,2.09076074086816e-11,10.6796956634358,FALSE
chr2_89113366,89113366,2.52516277923681e-11,10.5977106207747,FALSE
chr2_89114631,89114631,2.56470600911312e-11,10.5909624106448,FALSE
chr2_89848977,89848977,2.71357729816404e-11,10.5664578027235,FALSE
chr2_89149515,89149515,2.77077811847246e-11,10.5573982507538,FALSE
chr2_88986565,88986565,2.99972654867435e-11,10.5229183332185,FALSE
chr2_88886429,88886429,3.06137698704217e-11,10.5140831867989,FALSE
chr2_90188588,90188588,4.00757895654946e-11,10.3971179125032,FALSE
chr2_89115477,89115477,4.2449646307912e-11,10.3721259239633,FALSE
chr2_89856638,89856638,4.30405298324717e-11,10.3661223911079,FALSE
chr2_89093979,89093979,4.46213009699654e-11,10.3504577716622,FALSE
chr2_89117499,89117499,4.70490185913218e-11,10.3274494312127,FALSE
chr2_89117520,89117520,4.70490185913218e-11,10.3274494312127,FALSE
chr2_89117526,89117526,4.70490185913218e-11,10.3274494312127,FALSE
chr2_89117533,89117533,4.70490185913218e-11,10.3274494312127,FALSE
chr2_89117537,89117537,4.70490185913218e-11,10.3274494312127,FALSE
chr2_89117552,89117552,4.70490185913218e-11,10.3274494312127,FALSE
chr2_89117558,89117558,4.70490185913218e-11,10.3274494312127,FALSE
chr2_89117596,89117596,4.70490185913218e-11,10.3274494312127,FALSE
chr2_89117599,89117599,4.70490185913218e-11,10.3274494312127,FALSE
chr2_89117600,89117600,4.70490185913218e-11,10.3274494312127,FALSE
chr2_89955431,89955431,5.31420202023266e-11,10.2745619398383,FALSE
chr2_89866263,89866263,5.53353069809257e-11,10.256997676397,FALSE
chr2_89866277,89866277,5.53353069809257e-11,10.256997676397,FALSE
chr2_89866284,89866284,5.53353069809257e-11,10.256997676397,FALSE
chr2_89866373,89866373,5.53353069809257e-11,10.256997676397,FALSE
chr2_89866393,89866393,5.53353069809257e-11,10.256997676397,FALSE
chr2_89866422,89866422,5.53353069809257e-11,10.256997676397,FALSE
chr2_89866499,89866499,5.53353069809257e-11,10.256997676397,FALSE
chr2_89866504,89866504,5.53353069809257e-11,10.256997676397,FALSE
chr2_89866509,89866509,5.53353069809257e-11,10.256997676397,FALSE
chr2_89866583,89866583,5.53353069809257e-11,10.256997676397,FALSE
chr2_89866904,89866904,5.53353069809257e-11,10.256997676397,FALSE
chr2_89867118,89867118,5.53353069809257e-11,10.256997676397,FALSE
chr2_89867122,89867122,5.53353069809257e-11,10.256997676397,FALSE
chr2_89867255,89867255,5.53353069809257e-11,10.256997676397,FALSE
chr2_89867280,89867280,5.53353069809257e-11,10.256997676397,FALSE
chr2_89867497,89867497,5.53353069809257e-11,10.256997676397,FALSE
chr2_89867646,89867646,5.53353069809257e-11,10.256997676397,FALSE
chr2_89867706,89867706,5.53353069809257e-11,10.256997676397,FALSE
chr2_89867745,89867745,5.53353069809257e-11,10.256997676397,FALSE
chr2_89867778,89867778,5.53353069809257e-11,10.256997676397,FALSE
chr2_89867781,89867781,5.53353069809257e-11,10.256997676397,FALSE
chr2_89867856,89867856,5.53353069809257e-11,10.256997676397,FALSE
chr2_89868052,89868052,5.53353069809257e-11,10.256997676397,FALSE
chr2_89868651,89868651,5.53353069809257e-11,10.256997676397,FALSE
chr2_89869010,89869010,5.53353069809257e-11,10.256997676397,FALSE
chr2_90268919,90268919,6.40511835818476e-11,10.1934728406528,FALSE
chr2_89292177,89292177,7.40813261595072e-11,10.130291251777,FALSE
chr2_89159178,89159178,7.69631865318827e-11,10.1137169593621,FALSE
chr2_89963932,89963932,8.31761270119778e-11,10.0800013058572,FALSE
chr2_89092200,89092200,8.44052442119376e-11,10.0736305692327,FALSE
chr2_88872893,88872893,8.73790079636455e-11,10.0585928902554,FALSE
chr2_89944172,89944172,8.79184718207458e-11,10.0559198693287,FALSE
chr2_89198126,89198126,9.08481389202891e-11,10.041683965053,FALSE
chr2_89172931,89172931,9.28816434785074e-11,10.0320701086514,FALSE
chr2_89126103,89126103,9.43886924660806e-11,10.0250800299999,FALSE
chr2_89128940,89128940,9.43886924660806e-11,10.0250800299999,FALSE
chr2_89132271,89132271,9.43886924660806e-11,10.0250800299999,FALSE
chr2_89119285,89119285,9.7515891774205e-11,10.0109246033021,FALSE
chr2_89124931,89124931,9.7515891774205e-11,10.0109246033021,FALSE
chr2_89126465,89126465,9.7515891774205e-11,10.0109246033021,FALSE
chr2_89141076,89141076,9.7515891774205e-11,10.0109246033021,FALSE
chr2_89144600,89144600,9.7515891774205e-11,10.0109246033021,FALSE
chr2_89147749,89147749,9.7515891774205e-11,10.0109246033021,FALSE
chr2_89318969,89318969,1.05902188981993e-10,9.97509506299945,FALSE
chr2_89289240,89289240,1.23062799917374e-10,9.90987320809382,FALSE
chr2_90268460,90268460,1.27490265022773e-10,9.89452297607946,FALSE
chr2_89858893,89858893,1.4480303572684e-10,9.83922233326598,FALSE
chr2_89859196,89859196,1.4480303572684e-10,9.83922233326598,FALSE
chr2_89859504,89859504,1.4480303572684e-10,9.83922233326598,FALSE
chr2_89859626,89859626,1.4480303572684e-10,9.83922233326598,FALSE
chr2_89859660,89859660,1.4480303572684e-10,9.83922233326598,FALSE
chr2_89859866,89859866,1.4480303572684e-10,9.83922233326598,FALSE
chr2_89859875,89859875,1.4480303572684e-10,9.83922233326598,FALSE
chr2_89860167,89860167,1.4480303572684e-10,9.83922233326598,FALSE
chr2_89860186,89860186,1.4480303572684e-10,9.83922233326598,FALSE
chr2_89860244,89860244,1.4480303572684e-10,9.83922233326598,FALSE
chr2_89860472,89860472,1.4480303572684e-10,9.83922233326598,FALSE
chr2_89860927,89860927,1.4480303572684e-10,9.83922233326598,FALSE
chr2_89861573,89861573,1.4480303572684e-10,9.83922233326598,FALSE
chr2_89861703,89861703,1.4480303572684e-10,9.83922233326598,FALSE
chr2_89861706,89861706,1.4480303572684e-10,9.83922233326598,FALSE
chr2_89861870,89861870,1.4480303572684e-10,9.83922233326598,FALSE
chr2_89861929,89861929,1.4480303572684e-10,9.83922233326598,FALSE
chr2_89862140,89862140,1.4480303572684e-10,9.83922233326598,FALSE
chr2_89862201,89862201,1.4480303572684e-10,9.83922233326598,FALSE
chr2_89862223,89862223,1.4480303572684e-10,9.83922233326598,FALSE
chr2_89862458,89862458,1.4480303572684e-10,9.83922233326598,FALSE
chr2_89862471,89862471,1.4480303572684e-10,9.83922233326598,FALSE
chr2_89862556,89862556,1.4480303572684e-10,9.83922233326598,FALSE
chr2_89862723,89862723,1.4480303572684e-10,9.83922233326598,FALSE
chr2_89863496,89863496,1.4480303572684e-10,9.83922233326598,FALSE
chr2_89863679,89863679,1.4480303572684e-10,9.83922233326598,FALSE
chr2_89863696,89863696,1.4480303572684e-10,9.83922233326598,FALSE
chr2_89863826,89863826,1.4480303572684e-10,9.83922233326598,FALSE
chr2_89864168,89864168,1.4480303572684e-10,9.83922233326598,FALSE
chr2_89864181,89864181,1.4480303572684e-10,9.83922233326598,FALSE
chr2_89864204,89864204,1.4480303572684e-10,9.83922233326598,FALSE
chr2_89864214,89864214,1.4480303572684e-10,9.83922233326598,FALSE
chr2_89864223,89864223,1.4480303572684e-10,9.83922233326598,FALSE
chr2_89864371,89864371,1.4480303572684e-10,9.83922233326598,FALSE
chr2_89864616,89864616,1.4480303572684e-10,9.83922233326598,FALSE
chr2_89973935,89973935,1.4558012411399e-10,9.83689791469913,FALSE
chr2_89110929,89110929,1.5150186507143e-10,9.81958202072442,FALSE
chr2_89948111,89948111,1.54882263129994e-10,9.80999831410537,FALSE
chr2_90027862,90027862,1.5829885786432e-10,9.80052221858687,FALSE
chr2_89323154,89323154,1.67760345333735e-10,9.77531068854903,FALSE
chr2_89862435,89862435,1.70466398173835e-10,9.76836121506365,FALSE
chr2_89337319,89337319,1.9638584904767e-10,9.70688980932873,FALSE
chr2_89849435,89849435,1.99670667006444e-10,9.69968573128818,FALSE
chr2_89175562,89175562,2.10423721073841e-10,9.6769053037256,FALSE
chr2_89175926,89175926,2.10423721073841e-10,9.6769053037256,FALSE
chr2_89179079,89179079,2.10423721073841e-10,9.6769053037256,FALSE
chr2_89959791,89959791,2.13546083764448e-10,9.67050838871894,FALSE
chr2_89968288,89968288,2.13546083764448e-10,9.67050838871894,FALSE
chr2_90028788,90028788,2.21681094846517e-10,9.65427134231141,FALSE
chr2_89184920,89184920,2.32966943533282e-10,9.63270569811375,FALSE
chr2_89203856,89203856,2.32966943533282e-10,9.63270569811375,FALSE
chr2_89886153,89886153,2.56513561240076e-10,9.59088966986582,FALSE
chr2_88939751,88939751,2.58457134277238e-10,9.58761147535749,FALSE
chr2_88974198,88974198,2.58639815570539e-10,9.58730461808072,FALSE
chr2_89228414,89228414,2.62928761224307e-10,9.58016190473498,FALSE
chr2_89228717,89228717,2.62928761224307e-10,9.58016190473498,FALSE
chr2_89978879,89978879,2.74326229640928e-10,9.56173266544065,FALSE
chr2_89980185,89980185,2.74326229640928e-10,9.56173266544065,FALSE
chr2_89980750,89980750,2.74326229640928e-10,9.56173266544065,FALSE
chr2_89988640,89988640,2.74326229640928e-10,9.56173266544065,FALSE
chr2_89989767,89989767,2.74326229640928e-10,9.56173266544065,FALSE
chr2_89999154,89999154,2.74326229640928e-10,9.56173266544065,FALSE
chr2_90011440,90011440,2.74326229640928e-10,9.56173266544065,FALSE
chr2_90012775,90012775,2.74326229640928e-10,9.56173266544065,FALSE
chr2_90037991,90037991,2.74326229640928e-10,9.56173266544065,FALSE
chr2_90042610,90042610,2.74326229640928e-10,9.56173266544065,FALSE
chr2_90052868,90052868,2.74326229640928e-10,9.56173266544065,FALSE
chr2_90057971,90057971,2.74326229640928e-10,9.56173266544065,FALSE
chr2_90062559,90062559,2.74326229640928e-10,9.56173266544065,FALSE
chr2_89894940,89894940,3.27580993560325e-10,9.48468130419895,FALSE
chr2_89893302,89893302,3.70030692668345e-10,9.43176225132852,FALSE
chr2_89863635,89863635,3.96823249705406e-10,9.40140289064346,FALSE
chr2_90028907,90028907,4.36439040878425e-10,9.36007640730529,FALSE
chr2_89847602,89847602,4.38061239410381e-10,9.35846517242077,FALSE
chr2_89848035,89848035,4.38061239410381e-10,9.35846517242077,FALSE
chr2_89848302,89848302,4.38061239410381e-10,9.35846517242077,FALSE
chr2_89848386,89848386,4.38061239410381e-10,9.35846517242077,FALSE
chr2_89848471,89848471,4.38061239410381e-10,9.35846517242077,FALSE
chr2_89848745,89848745,4.38061239410381e-10,9.35846517242077,FALSE
chr2_89848858,89848858,4.38061239410381e-10,9.35846517242077,FALSE
chr2_89849072,89849072,4.38061239410381e-10,9.35846517242077,FALSE
chr2_89849085,89849085,4.38061239410381e-10,9.35846517242077,FALSE
chr2_89849149,89849149,4.38061239410381e-10,9.35846517242077,FALSE
chr2_89849255,89849255,4.38061239410381e-10,9.35846517242077,FALSE
chr2_89849265,89849265,4.38061239410381e-10,9.35846517242077,FALSE
chr2_89850047,89850047,4.38061239410381e-10,9.35846517242077,FALSE
chr2_89850087,89850087,4.38061239410381e-10,9.35846517242077,FALSE
chr2_89850194,89850194,4.38061239410381e-10,9.35846517242077,FALSE
chr2_89850242,89850242,4.38061239410381e-10,9.35846517242077,FALSE
chr2_89850247,89850247,4.38061239410381e-10,9.35846517242077,FALSE
chr2_89850289,89850289,4.38061239410381e-10,9.35846517242077,FALSE
chr2_89854798,89854798,4.38061239410381e-10,9.35846517242077,FALSE
chr2_89854867,89854867,4.38061239410381e-10,9.35846517242077,FALSE
chr2_89855020,89855020,4.38061239410381e-10,9.35846517242077,FALSE
chr2_89855034,89855034,4.38061239410381e-10,9.35846517242077,FALSE
chr2_89855035,89855035,4.38061239410381e-10,9.35846517242077,FALSE
chr2_89855142,89855142,4.38061239410381e-10,9.35846517242077,FALSE
chr2_89855164,89855164,4.38061239410381e-10,9.35846517242077,FALSE
chr2_89855471,89855471,4.38061239410381e-10,9.35846517242077,FALSE
chr2_89855616,89855616,4.38061239410381e-10,9.35846517242077,FALSE
chr2_89855617,89855617,4.38061239410381e-10,9.35846517242077,FALSE
chr2_89855793,89855793,4.38061239410381e-10,9.35846517242077,FALSE
chr2_89855843,89855843,4.38061239410381e-10,9.35846517242077,FALSE
chr2_89856602,89856602,4.38061239410381e-10,9.35846517242077,FALSE
chr2_89856740,89856740,4.38061239410381e-10,9.35846517242077,FALSE
chr2_89857450,89857450,4.38061239410381e-10,9.35846517242077,FALSE
chr2_89857488,89857488,4.38061239410381e-10,9.35846517242077,FALSE
chr2_89857611,89857611,4.38061239410381e-10,9.35846517242077,FALSE
chr2_89857791,89857791,4.38061239410381e-10,9.35846517242077,FALSE
chr2_89858229,89858229,4.38061239410381e-10,9.35846517242077,FALSE
chr2_89858281,89858281,4.38061239410381e-10,9.35846517242077,FALSE
chr2_89858473,89858473,4.38061239410381e-10,9.35846517242077,FALSE
chr2_89858544,89858544,4.38061239410381e-10,9.35846517242077,FALSE
chr2_89858561,89858561,4.38061239410381e-10,9.35846517242077,FALSE
chr2_89858566,89858566,4.38061239410381e-10,9.35846517242077,FALSE
chr2_89858602,89858602,4.38061239410381e-10,9.35846517242077,FALSE
chr2_89858681,89858681,4.38061239410381e-10,9.35846517242077,FALSE
chr2_89858707,89858707,4.38061239410381e-10,9.35846517242077,FALSE
chr2_89885633,89885633,4.75522166524907e-10,9.32282923356343,FALSE
chr2_89886046,89886046,4.75522166524907e-10,9.32282923356343,FALSE
chr2_88932520,88932520,4.9398327339722e-10,9.30628775632792,FALSE
chr2_88933593,88933593,4.9398327339722e-10,9.30628775632792,FALSE
chr2_90007522,90007522,5.02211131047517e-10,9.29911366577893,FALSE
chr2_89113137,89113137,5.03313918257587e-10,9.29816105978985,FALSE
chr2_89117855,89117855,5.03313918257587e-10,9.29816105978985,FALSE
chr2_89120803,89120803,5.03313918257587e-10,9.29816105978985,FALSE
chr2_89121914,89121914,5.03313918257587e-10,9.29816105978985,FALSE
chr2_89123581,89123581,5.03313918257587e-10,9.29816105978985,FALSE
chr2_89123853,89123853,5.03313918257587e-10,9.29816105978985,FALSE
chr2_89129376,89129376,5.03313918257587e-10,9.29816105978985,FALSE
chr2_89134701,89134701,5.03313918257587e-10,9.29816105978985,FALSE
chr2_89139753,89139753,5.03313918257587e-10,9.29816105978985,FALSE
chr2_89142320,89142320,5.03313918257587e-10,9.29816105978985,FALSE
chr2_88978970,88978970,5.22881116801357e-10,9.28159704189008,FALSE
chr2_89874336,89874336,5.2700109847127e-10,9.27818847955118,FALSE
chr2_89868642,89868642,5.57533958716902e-10,9.25372867512427,FALSE
chr2_89895346,89895346,5.84804568720792e-10,9.2329892431595,FALSE
chr2_89288917,89288917,5.98174085393851e-10,9.22317240577183,FALSE
chr2_89938140,89938140,6.05008745069477e-10,9.2182383478137,FALSE
chr2_88896546,88896546,6.25763870604127e-10,9.20358951509558,FALSE
chr2_88906630,88906630,6.25763870604127e-10,9.20358951509558,FALSE
chr2_88906651,88906651,6.25763870604127e-10,9.20358951509558,FALSE
chr2_88906672,88906672,6.25763870604127e-10,9.20358951509558,FALSE
chr2_89045147,89045147,6.72524975978948e-10,9.17229158236136,FALSE
chr2_89140642,89140642,6.83836564314089e-10,9.16504768146382,FALSE
chr2_89859452,89859452,7.43377240663959e-10,9.12879073945412,FALSE
chr2_90188590,90188590,7.65561151252979e-10,9.11602011314205,FALSE
chr2_89136696,89136696,7.80202239233716e-10,9.10779280756761,FALSE
chr2_89035492,89035492,7.813857751216e-10,9.10713449923156,FALSE
chr2_89036718,89036718,8.06859930056791e-10,9.09320185175037,FALSE
chr2_89339108,89339108,8.08415084031052e-10,9.09236559168032,FALSE
chr2_89333630,89333630,8.31389824489474e-10,9.08019529519559,FALSE
chr2_89320295,89320295,8.52424673798727e-10,9.06934398793537,FALSE
chr2_89891418,89891418,8.52556372351311e-10,9.06927689516047,FALSE
chr2_89891940,89891940,8.52556372351311e-10,9.06927689516047,FALSE
chr2_89892143,89892143,8.52556372351311e-10,9.06927689516047,FALSE
chr2_89012499,89012499,8.93059324468063e-10,9.04911969068216,FALSE
chr2_89847969,89847969,1.00290892293223e-09,8.99873850473026,FALSE
chr2_89862309,89862309,1.00431497259406e-09,8.99813006268186,FALSE
chr2_89329796,89329796,1.02969331579722e-09,8.98729210645002,FALSE
chr2_89894209,89894209,1.06380059253552e-09,8.97313977211392,FALSE
chr2_89894233,89894233,1.06380059253552e-09,8.97313977211392,FALSE
chr2_89854099,89854099,1.07199774808642e-09,8.96980612695171,FALSE
chr2_89928686,89928686,1.08286252860248e-09,8.96542667436167,FALSE
chr2_88992294,88992294,1.15502823845305e-09,8.93740739788922,FALSE
chr2_89221301,89221301,1.15780696889377e-09,8.93636384072275,FALSE
chr2_89889642,89889642,1.21638038239841e-09,8.91493059270813,FALSE
chr2_89897307,89897307,1.24726323145045e-09,8.90404188020062,FALSE
chr2_89301685,89301685,1.24895575619631e-09,8.90345294607754,FALSE
chr2_89131597,89131597,1.27897283307547e-09,8.89313868036163,FALSE
chr2_89847170,89847170,1.42394244037207e-09,8.84650756570901,FALSE
chr2_89847182,89847182,1.42394244037207e-09,8.84650756570901,FALSE
chr2_89847186,89847186,1.42394244037207e-09,8.84650756570901,FALSE
chr2_89847283,89847283,1.42394244037207e-09,8.84650756570901,FALSE
chr2_89847299,89847299,1.42394244037207e-09,8.84650756570901,FALSE
chr2_89847314,89847314,1.42394244037207e-09,8.84650756570901,FALSE
chr2_89847335,89847335,1.42394244037207e-09,8.84650756570901,FALSE
chr2_89847370,89847370,1.42394244037207e-09,8.84650756570901,FALSE
chr2_89847394,89847394,1.42394244037207e-09,8.84650756570901,FALSE
chr2_89847428,89847428,1.42394244037207e-09,8.84650756570901,FALSE
chr2_89316319,89316319,1.47482859394041e-09,8.83125845089359,FALSE
chr2_89317988,89317988,1.47482859394041e-09,8.83125845089359,FALSE
chr2_89325866,89325866,1.47482859394041e-09,8.83125845089359,FALSE
chr2_89326004,89326004,1.47482859394041e-09,8.83125845089359,FALSE
chr2_89172935,89172935,1.60731998519622e-09,8.79389765530185,FALSE
chr2_89845552,89845552,1.61514747375799e-09,8.79178781753395,FALSE
chr2_89845661,89845661,1.61514747375799e-09,8.79178781753395,FALSE
chr2_89845672,89845672,1.61514747375799e-09,8.79178781753395,FALSE
chr2_89845818,89845818,1.61514747375799e-09,8.79178781753395,FALSE
chr2_89845998,89845998,1.61514747375799e-09,8.79178781753395,FALSE
chr2_89846007,89846007,1.61514747375799e-09,8.79178781753395,FALSE
chr2_89846126,89846126,1.61514747375799e-09,8.79178781753395,FALSE
chr2_89846136,89846136,1.61514747375799e-09,8.79178781753395,FALSE
chr2_89846826,89846826,1.61514747375799e-09,8.79178781753395,FALSE
chr2_89846851,89846851,1.61514747375799e-09,8.79178781753395,FALSE
chr2_89846869,89846869,1.61514747375799e-09,8.79178781753395,FALSE
chr2_89846886,89846886,1.61514747375799e-09,8.79178781753395,FALSE
chr2_89228933,89228933,1.62367948865357e-09,8.789499695567,FALSE
chr2_89845288,89845288,1.63720262046381e-09,8.78589756890579,FALSE
chr2_89853983,89853983,1.69287363049381e-09,8.77137545986364,FALSE
chr2_89853985,89853985,1.69287363049381e-09,8.77137545986364,FALSE
chr2_89854235,89854235,1.69287363049381e-09,8.77137545986364,FALSE
chr2_89854307,89854307,1.69287363049381e-09,8.77137545986364,FALSE
chr2_89854404,89854404,1.69287363049381e-09,8.77137545986364,FALSE
chr2_89857712,89857712,1.69287363049381e-09,8.77137545986364,FALSE
chr2_89879590,89879590,1.73006491642394e-09,8.76193760073493,FALSE
chr2_89883361,89883361,1.82391796167486e-09,8.73899469977579,FALSE
chr2_88978279,88978279,1.93841347410455e-09,8.71255358003599,FALSE
chr2_89845486,89845486,1.96176222411103e-09,8.70735363253934,FALSE
chr2_89877223,89877223,2.05971193428161e-09,8.68619351463083,FALSE
chr2_89856482,89856482,2.16055592025563e-09,8.66543448864729,FALSE
chr2_90155332,90155332,2.25343339633563e-09,8.64715527363977,FALSE
chr2_89845073,89845073,2.39759708788139e-09,8.62022379755566,FALSE
chr2_89845090,89845090,2.39759708788139e-09,8.62022379755566,FALSE
chr2_89845099,89845099,2.39759708788139e-09,8.62022379755566,FALSE
chr2_89845101,89845101,2.39759708788139e-09,8.62022379755566,FALSE
chr2_89845129,89845129,2.39759708788139e-09,8.62022379755566,FALSE
chr2_89845139,89845139,2.39759708788139e-09,8.62022379755566,FALSE
chr2_89845176,89845176,2.39759708788139e-09,8.62022379755566,FALSE
chr2_89845197,89845197,2.39759708788139e-09,8.62022379755566,FALSE
chr2_89845308,89845308,2.39759708788139e-09,8.62022379755566,FALSE
chr2_89845350,89845350,2.39759708788139e-09,8.62022379755566,FALSE
chr2_89845388,89845388,2.39759708788139e-09,8.62022379755566,FALSE
chr2_89845432,89845432,2.39759708788139e-09,8.62022379755566,FALSE
chr2_89845435,89845435,2.39759708788139e-09,8.62022379755566,FALSE
chr2_89898914,89898914,2.4438283684441e-09,8.61192929812467,FALSE
chr2_89295617,89295617,2.55352885219673e-09,8.59285923070876,FALSE
chr2_89198914,89198914,2.68224269093227e-09,8.5715019294806,FALSE
chr2_89336481,89336481,2.70036148245737e-09,8.56857809534902,FALSE
chr2_89301676,89301676,2.730484344855e-09,8.56376030913488,FALSE
chr2_88971031,88971031,2.87534498200429e-09,8.54131004148128,FALSE
chr2_89052971,89052971,2.97037060526367e-09,8.52718936153134,FALSE
chr2_89053625,89053625,2.97037060526367e-09,8.52718936153134,FALSE
chr2_89055941,89055941,2.97037060526367e-09,8.52718936153134,FALSE
chr2_89056679,89056679,2.97037060526367e-09,8.52718936153134,FALSE
chr2_89065588,89065588,2.97037060526367e-09,8.52718936153134,FALSE
chr2_89068166,89068166,2.97037060526367e-09,8.52718936153134,FALSE
chr2_89076942,89076942,2.97037060526367e-09,8.52718936153134,FALSE
chr2_89083117,89083117,2.97037060526367e-09,8.52718936153134,FALSE
chr2_89087918,89087918,2.97037060526367e-09,8.52718936153134,FALSE
chr2_89880249,89880249,3.11584803480862e-09,8.50642373176117,FALSE
chr2_89881555,89881555,3.11584803480862e-09,8.50642373176117,FALSE
chr2_89843910,89843910,3.18473094813649e-09,8.49692725176671,FALSE
chr2_89843937,89843937,3.18473094813649e-09,8.49692725176671,FALSE
chr2_89843996,89843996,3.18473094813649e-09,8.49692725176671,FALSE
chr2_89844093,89844093,3.18473094813649e-09,8.49692725176671,FALSE
chr2_89844127,89844127,3.18473094813649e-09,8.49692725176671,FALSE
chr2_89844171,89844171,3.18473094813649e-09,8.49692725176671,FALSE
chr2_89844182,89844182,3.18473094813649e-09,8.49692725176671,FALSE
chr2_89844192,89844192,3.18473094813649e-09,8.49692725176671,FALSE
chr2_89331968,89331968,3.30999286241168e-09,8.48017294272536,FALSE
chr2_89920945,89920945,3.37914905864236e-09,8.47119265051038,FALSE
chr2_89921510,89921510,3.37914905864236e-09,8.47119265051038,FALSE
chr2_89844723,89844723,3.55780578210501e-09,8.44881776340844,FALSE
chr2_89844762,89844762,3.55780578210501e-09,8.44881776340844,FALSE
chr2_89844862,89844862,3.55780578210501e-09,8.44881776340844,FALSE
chr2_89844876,89844876,3.55780578210501e-09,8.44881776340844,FALSE
chr2_89844879,89844879,3.55780578210501e-09,8.44881776340844,FALSE
chr2_89844982,89844982,3.55780578210501e-09,8.44881776340844,FALSE
chr2_89107982,89107982,3.72987075269177e-09,8.42830621708281,FALSE
chr2_89864804,89864804,3.7682070401251e-09,8.42386524337554,FALSE
chr2_89843737,89843737,3.86764711741822e-09,8.41255315763694,FALSE
chr2_89843749,89843749,3.86764711741822e-09,8.41255315763694,FALSE
chr2_89843754,89843754,3.86764711741822e-09,8.41255315763694,FALSE
chr2_89843836,89843836,3.86764711741822e-09,8.41255315763694,FALSE
chr2_89844419,89844419,4.33069822778443e-09,8.36344207777422,FALSE
chr2_89844423,89844423,4.33069822778443e-09,8.36344207777422,FALSE
chr2_89844494,89844494,4.33069822778443e-09,8.36344207777422,FALSE
chr2_89844497,89844497,4.33069822778443e-09,8.36344207777422,FALSE
chr2_89844498,89844498,4.33069822778443e-09,8.36344207777422,FALSE
chr2_89844505,89844505,4.33069822778443e-09,8.36344207777422,FALSE
chr2_89844565,89844565,4.33069822778443e-09,8.36344207777422,FALSE
chr2_89844588,89844588,4.33069822778443e-09,8.36344207777422,FALSE
chr2_89844598,89844598,4.33069822778443e-09,8.36344207777422,FALSE
chr2_89844627,89844627,4.33069822778443e-09,8.36344207777422,FALSE
chr2_89844630,89844630,4.33069822778443e-09,8.36344207777422,FALSE
chr2_89920739_2,89920739,4.46812875200548e-09,8.34987432090113,FALSE
chr2_89203496,89203496,4.58882074909231e-09,8.33829890661141,FALSE
chr2_89843343,89843343,4.67811980916533e-09,8.32992865986909,FALSE
chr2_89843347,89843347,4.67811980916533e-09,8.32992865986909,FALSE
chr2_89843349,89843349,4.67811980916533e-09,8.32992865986909,FALSE
chr2_89843352,89843352,4.67811980916533e-09,8.32992865986909,FALSE
chr2_89843369,89843369,4.67811980916533e-09,8.32992865986909,FALSE
chr2_89843483,89843483,4.67811980916533e-09,8.32992865986909,FALSE
chr2_89843484,89843484,4.67811980916533e-09,8.32992865986909,FALSE
chr2_89843485,89843485,4.67811980916533e-09,8.32992865986909,FALSE
chr2_89843487,89843487,4.67811980916533e-09,8.32992865986909,FALSE
chr2_89843493,89843493,4.67811980916533e-09,8.32992865986909,FALSE
chr2_89843496,89843496,4.67811980916533e-09,8.32992865986909,FALSE
chr2_89843540,89843540,4.67811980916533e-09,8.32992865986909,FALSE
chr2_89843551,89843551,4.67811980916533e-09,8.32992865986909,FALSE
chr2_89843573,89843573,4.67811980916533e-09,8.32992865986909,FALSE
chr2_89843594,89843594,4.67811980916533e-09,8.32992865986909,FALSE
chr2_89843602,89843602,4.67811980916533e-09,8.32992865986909,FALSE
chr2_89843606,89843606,4.67811980916533e-09,8.32992865986909,FALSE
chr2_89843621,89843621,4.67811980916533e-09,8.32992865986909,FALSE
chr2_89843643,89843643,4.67811980916533e-09,8.32992865986909,FALSE
chr2_89843682,89843682,4.67811980916533e-09,8.32992865986909,FALSE
chr2_89321678,89321678,4.79457841518172e-09,8.31924957410533,FALSE
chr2_89852090,89852090,4.91210757958225e-09,8.30873213032224,FALSE
chr2_89911316,89911316,5.04752147387429e-09,8.29692182474385,FALSE
chr2_89846244,89846244,5.05501223006299e-09,8.29627778934253,FALSE
chr2_89920280,89920280,5.22040434063057e-09,8.28229585789737,FALSE
chr2_89150263,89150263,5.62070533196472e-09,8.25020918219615,FALSE
chr2_89842250,89842250,5.64912298769075e-09,8.24801897008683,FALSE
chr2_89842258,89842258,5.64912298769075e-09,8.24801897008683,FALSE
chr2_89842275,89842275,5.64912298769075e-09,8.24801897008683,FALSE
chr2_89842376,89842376,5.64912298769075e-09,8.24801897008683,FALSE
chr2_89842399,89842399,5.64912298769075e-09,8.24801897008683,FALSE
chr2_89842434,89842434,5.64912298769075e-09,8.24801897008683,FALSE
chr2_89842458,89842458,5.64912298769075e-09,8.24801897008683,FALSE
chr2_89842490,89842490,5.64912298769075e-09,8.24801897008683,FALSE
chr2_89842506,89842506,5.64912298769075e-09,8.24801897008683,FALSE
chr2_89842533,89842533,5.64912298769075e-09,8.24801897008683,FALSE
chr2_89842540,89842540,5.64912298769075e-09,8.24801897008683,FALSE
chr2_89842596,89842596,5.64912298769075e-09,8.24801897008683,FALSE
chr2_89842622,89842622,5.64912298769075e-09,8.24801897008683,FALSE
chr2_89842637,89842637,5.64912298769075e-09,8.24801897008683,FALSE
chr2_89842680,89842680,5.64912298769075e-09,8.24801897008683,FALSE
chr2_89842793,89842793,5.64912298769075e-09,8.24801897008683,FALSE
chr2_89842809,89842809,5.64912298769075e-09,8.24801897008683,FALSE
chr2_89842825,89842825,5.64912298769075e-09,8.24801897008683,FALSE
chr2_89842830,89842830,5.64912298769075e-09,8.24801897008683,FALSE
chr2_89842934,89842934,5.64912298769075e-09,8.24801897008683,FALSE
chr2_89843028,89843028,5.64912298769075e-09,8.24801897008683,FALSE
chr2_89843137,89843137,5.64912298769075e-09,8.24801897008683,FALSE
chr2_89843139,89843139,5.64912298769075e-09,8.24801897008683,FALSE
chr2_89843146,89843146,5.64912298769075e-09,8.24801897008683,FALSE
chr2_89843155,89843155,5.64912298769075e-09,8.24801897008683,FALSE
chr2_89843254,89843254,5.64912298769075e-09,8.24801897008683,FALSE
chr2_89843263,89843263,5.64912298769075e-09,8.24801897008683,FALSE
chr2_89843268,89843268,5.64912298769075e-09,8.24801897008683,FALSE
chr2_89843271,89843271,5.64912298769075e-09,8.24801897008683,FALSE
chr2_89312975,89312975,5.6868772694383e-09,8.24512614431348,FALSE
chr2_89197360,89197360,5.75046812045688e-09,8.24029679985714,FALSE
chr2_89879865,89879865,5.88581391059025e-09,8.23019347293321,FALSE
chr2_89055526,89055526,6.70446445694716e-09,8.17363590725036,FALSE
chr2_89328203,89328203,7.58664816230129e-09,8.11995005626995,FALSE
chr2_89328300,89328300,7.58664816230129e-09,8.11995005626995,FALSE
chr2_89328372,89328372,7.58664816230129e-09,8.11995005626995,FALSE
chr2_89845438,89845438,8.14097948314913e-09,8.08932333976244,FALSE
chr2_89102928_2,89102928,8.24028312171936e-09,8.08405786644753,FALSE
chr2_89107354,89107354,8.24028312171936e-09,8.08405786644753,FALSE
chr2_90256839,90256839,8.48796266626484e-09,8.0711965393177,FALSE
chr2_90258414,90258414,8.48796266626484e-09,8.0711965393177,FALSE
chr2_89320815,89320815,8.74749223926165e-09,8.05811643414912,FALSE
chr2_89328982,89328982,8.74749223926165e-09,8.05811643414912,FALSE
chr2_89329014,89329014,8.74749223926165e-09,8.05811643414912,FALSE
chr2_89329160,89329160,8.74749223926165e-09,8.05811643414912,FALSE
chr2_89329262,89329262,8.74749223926165e-09,8.05811643414912,FALSE
chr2_89329263,89329263,8.74749223926165e-09,8.05811643414912,FALSE
chr2_89329336,89329336,8.74749223926165e-09,8.05811643414912,FALSE
chr2_89329429,89329429,8.74749223926165e-09,8.05811643414912,FALSE
chr2_89329799,89329799,8.74749223926165e-09,8.05811643414912,FALSE
chr2_89329870,89329870,8.74749223926165e-09,8.05811643414912,FALSE
chr2_89329884,89329884,8.74749223926165e-09,8.05811643414912,FALSE
chr2_89329941,89329941,8.74749223926165e-09,8.05811643414912,FALSE
chr2_89329949,89329949,8.74749223926165e-09,8.05811643414912,FALSE
chr2_89330009,89330009,8.74749223926165e-09,8.05811643414912,FALSE
chr2_89330018,89330018,8.74749223926165e-09,8.05811643414912,FALSE
chr2_89330024,89330024,8.74749223926165e-09,8.05811643414912,FALSE
chr2_89330210,89330210,8.74749223926165e-09,8.05811643414912,FALSE
chr2_89330296,89330296,8.74749223926165e-09,8.05811643414912,FALSE
chr2_89330299,89330299,8.74749223926165e-09,8.05811643414912,FALSE
chr2_89330417,89330417,8.74749223926165e-09,8.05811643414912,FALSE
chr2_89330569,89330569,8.74749223926165e-09,8.05811643414912,FALSE
chr2_89330705,89330705,8.74749223926165e-09,8.05811643414912,FALSE
chr2_89330715,89330715,8.74749223926165e-09,8.05811643414912,FALSE
chr2_89330719,89330719,8.74749223926165e-09,8.05811643414912,FALSE
chr2_89330769,89330769,8.74749223926165e-09,8.05811643414912,FALSE
chr2_89331066,89331066,8.74749223926165e-09,8.05811643414912,FALSE
chr2_89331148,89331148,8.74749223926165e-09,8.05811643414912,FALSE
chr2_89331221,89331221,8.74749223926165e-09,8.05811643414912,FALSE
chr2_89331400,89331400,8.74749223926165e-09,8.05811643414912,FALSE
chr2_89331406,89331406,8.74749223926165e-09,8.05811643414912,FALSE
chr2_89331413,89331413,8.74749223926165e-09,8.05811643414912,FALSE
chr2_89331426,89331426,8.74749223926165e-09,8.05811643414912,FALSE
chr2_89331474,89331474,8.74749223926165e-09,8.05811643414912,FALSE
chr2_89865664,89865664,8.9418549237767e-09,8.04857238057785,FALSE
chr2_89860086,89860086,8.94591032301769e-09,8.04837545966367,FALSE
chr2_89864613,89864613,9.25386531471499e-09,8.03367682572458,FALSE
chr2_89328622,89328622,9.33318270711459e-09,8.02997023230567,FALSE
chr2_89328624,89328624,9.33318270711459e-09,8.02997023230567,FALSE
chr2_89843562,89843562,9.69974475084354e-09,8.0132396940594,FALSE
chr2_89331535,89331535,1.02088911744529e-08,7.99102142568659,FALSE
chr2_89331643,89331643,1.02088911744529e-08,7.99102142568659,FALSE
chr2_89331644,89331644,1.02088911744529e-08,7.99102142568659,FALSE
chr2_89331651,89331651,1.02088911744529e-08,7.99102142568659,FALSE
chr2_89331690,89331690,1.02088911744529e-08,7.99102142568659,FALSE
chr2_89331753,89331753,1.02088911744529e-08,7.99102142568659,FALSE
chr2_89331754,89331754,1.02088911744529e-08,7.99102142568659,FALSE
chr2_89332008,89332008,1.02088911744529e-08,7.99102142568659,FALSE
chr2_89954372,89954372,1.08087216819957e-08,7.96622566583236,FALSE
chr2_89857124,89857124,1.17347431083653e-08,7.9305264133377,FALSE
chr2_89333535,89333535,1.18308900160159e-08,7.92698258297096,FALSE
chr2_89842296,89842296,1.19102490371808e-08,7.92407915754807,FALSE
chr2_89857552,89857552,1.20049590858597e-08,7.92063931572487,FALSE
chr2_89335086,89335086,1.27461813368283e-08,7.89461990721001,FALSE
chr2_89340067,89340067,1.2806323063269e-08,7.89257554648926,FALSE
chr2_89340074,89340074,1.2806323063269e-08,7.89257554648926,FALSE
chr2_89340101,89340101,1.2806323063269e-08,7.89257554648926,FALSE
chr2_89340117,89340117,1.2806323063269e-08,7.89257554648926,FALSE
chr2_89340149,89340149,1.2806323063269e-08,7.89257554648926,FALSE
chr2_89340173,89340173,1.2806323063269e-08,7.89257554648926,FALSE
chr2_89340208,89340208,1.2806323063269e-08,7.89257554648926,FALSE
chr2_89340231,89340231,1.2806323063269e-08,7.89257554648926,FALSE
chr2_89340332,89340332,1.2806323063269e-08,7.89257554648926,FALSE
chr2_89340349,89340349,1.2806323063269e-08,7.89257554648926,FALSE
chr2_89340357,89340357,1.2806323063269e-08,7.89257554648926,FALSE
chr2_89333342,89333342,1.28063230632691e-08,7.89257554648926,FALSE
chr2_89333352,89333352,1.28063230632691e-08,7.89257554648926,FALSE
chr2_89333522,89333522,1.28063230632691e-08,7.89257554648926,FALSE
chr2_89333749,89333749,1.28063230632691e-08,7.89257554648926,FALSE
chr2_89333862,89333862,1.28063230632691e-08,7.89257554648926,FALSE
chr2_89334136,89334136,1.28063230632691e-08,7.89257554648926,FALSE
chr2_89334221,89334221,1.28063230632691e-08,7.89257554648926,FALSE
chr2_89334305,89334305,1.28063230632691e-08,7.89257554648926,FALSE
chr2_89334572,89334572,1.28063230632691e-08,7.89257554648926,FALSE
chr2_89334638,89334638,1.28063230632691e-08,7.89257554648926,FALSE
chr2_89335179,89335179,1.28063230632691e-08,7.89257554648926,FALSE
chr2_89335213,89335213,1.28063230632691e-08,7.89257554648926,FALSE
chr2_89335237,89335237,1.28063230632691e-08,7.89257554648926,FALSE
chr2_89335272,89335272,1.28063230632691e-08,7.89257554648926,FALSE
chr2_89335293,89335293,1.28063230632691e-08,7.89257554648926,FALSE
chr2_89335308,89335308,1.28063230632691e-08,7.89257554648926,FALSE
chr2_89335324,89335324,1.28063230632691e-08,7.89257554648926,FALSE
chr2_89335421,89335421,1.28063230632691e-08,7.89257554648926,FALSE
chr2_89335425,89335425,1.28063230632691e-08,7.89257554648926,FALSE
chr2_89335437,89335437,1.28063230632691e-08,7.89257554648926,FALSE
chr2_89335721,89335721,1.28063230632691e-08,7.89257554648926,FALSE
chr2_89335738,89335738,1.28063230632691e-08,7.89257554648926,FALSE
chr2_89335756,89335756,1.28063230632691e-08,7.89257554648926,FALSE
chr2_89335781,89335781,1.28063230632691e-08,7.89257554648926,FALSE
chr2_89336471,89336471,1.28063230632691e-08,7.89257554648926,FALSE
chr2_89336600,89336600,1.28063230632691e-08,7.89257554648926,FALSE
chr2_89336609,89336609,1.28063230632691e-08,7.89257554648926,FALSE
chr2_89336789,89336789,1.28063230632691e-08,7.89257554648926,FALSE
chr2_89336935,89336935,1.28063230632691e-08,7.89257554648926,FALSE
chr2_89336946,89336946,1.28063230632691e-08,7.89257554648926,FALSE
chr2_89337055,89337055,1.28063230632691e-08,7.89257554648926,FALSE
chr2_89337121,89337121,1.28063230632691e-08,7.89257554648926,FALSE
chr2_89337172,89337172,1.28063230632691e-08,7.89257554648926,FALSE
chr2_89337175,89337175,1.28063230632691e-08,7.89257554648926,FALSE
chr2_89337219,89337219,1.28063230632691e-08,7.89257554648926,FALSE
chr2_89337257,89337257,1.28063230632691e-08,7.89257554648926,FALSE
chr2_89337299,89337299,1.28063230632691e-08,7.89257554648926,FALSE
chr2_89337410,89337410,1.28063230632691e-08,7.89257554648926,FALSE
chr2_89337431,89337431,1.28063230632691e-08,7.89257554648926,FALSE
chr2_89337468,89337468,1.28063230632691e-08,7.89257554648926,FALSE
chr2_89337478,89337478,1.28063230632691e-08,7.89257554648926,FALSE
chr2_89337506,89337506,1.28063230632691e-08,7.89257554648926,FALSE
chr2_89337508,89337508,1.28063230632691e-08,7.89257554648926,FALSE
chr2_89337517,89337517,1.28063230632691e-08,7.89257554648926,FALSE
chr2_89337534,89337534,1.28063230632691e-08,7.89257554648926,FALSE
chr2_89337625,89337625,1.28063230632691e-08,7.89257554648926,FALSE
chr2_89337728,89337728,1.28063230632691e-08,7.89257554648926,FALSE
chr2_89337731,89337731,1.28063230632691e-08,7.89257554648926,FALSE
chr2_89337745,89337745,1.28063230632691e-08,7.89257554648926,FALSE
chr2_89337845,89337845,1.28063230632691e-08,7.89257554648926,FALSE
chr2_89337884,89337884,1.28063230632691e-08,7.89257554648926,FALSE
chr2_89337977,89337977,1.28063230632691e-08,7.89257554648926,FALSE
chr2_89337980,89337980,1.28063230632691e-08,7.89257554648926,FALSE
chr2_89338009,89338009,1.28063230632691e-08,7.89257554648926,FALSE
chr2_89338019,89338019,1.28063230632691e-08,7.89257554648926,FALSE
chr2_89338042,89338042,1.28063230632691e-08,7.89257554648926,FALSE
chr2_89338102,89338102,1.28063230632691e-08,7.89257554648926,FALSE
chr2_89338109,89338109,1.28063230632691e-08,7.89257554648926,FALSE
chr2_89338110,89338110,1.28063230632691e-08,7.89257554648926,FALSE
chr2_89338113,89338113,1.28063230632691e-08,7.89257554648926,FALSE
chr2_89338184,89338184,1.28063230632691e-08,7.89257554648926,FALSE
chr2_89338188,89338188,1.28063230632691e-08,7.89257554648926,FALSE
chr2_89338415,89338415,1.28063230632691e-08,7.89257554648926,FALSE
chr2_89338425,89338425,1.28063230632691e-08,7.89257554648926,FALSE
chr2_89338436,89338436,1.28063230632691e-08,7.89257554648926,FALSE
chr2_89338480,89338480,1.28063230632691e-08,7.89257554648926,FALSE
chr2_89338514,89338514,1.28063230632691e-08,7.89257554648926,FALSE
chr2_89338611,89338611,1.28063230632691e-08,7.89257554648926,FALSE
chr2_89338670,89338670,1.28063230632691e-08,7.89257554648926,FALSE
chr2_89338697,89338697,1.28063230632691e-08,7.89257554648926,FALSE
chr2_89338771,89338771,1.28063230632691e-08,7.89257554648926,FALSE
chr2_89338853,89338853,1.28063230632691e-08,7.89257554648926,FALSE
chr2_89338858,89338858,1.28063230632691e-08,7.89257554648926,FALSE
chr2_89338870,89338870,1.28063230632691e-08,7.89257554648926,FALSE
chr2_89338925,89338925,1.28063230632691e-08,7.89257554648926,FALSE
chr2_89338964,89338964,1.28063230632691e-08,7.89257554648926,FALSE
chr2_89338986,89338986,1.28063230632691e-08,7.89257554648926,FALSE
chr2_89339001,89339001,1.28063230632691e-08,7.89257554648926,FALSE
chr2_89339005,89339005,1.28063230632691e-08,7.89257554648926,FALSE
chr2_89339013,89339013,1.28063230632691e-08,7.89257554648926,FALSE
chr2_89339034,89339034,1.28063230632691e-08,7.89257554648926,FALSE
chr2_89339056,89339056,1.28063230632691e-08,7.89257554648926,FALSE
chr2_89339067,89339067,1.28063230632691e-08,7.89257554648926,FALSE
chr2_89339111,89339111,1.28063230632691e-08,7.89257554648926,FALSE
chr2_89339114,89339114,1.28063230632691e-08,7.89257554648926,FALSE
chr2_89339120,89339120,1.28063230632691e-08,7.89257554648926,FALSE
chr2_89339122,89339122,1.28063230632691e-08,7.89257554648926,FALSE
chr2_89339123,89339123,1.28063230632691e-08,7.89257554648926,FALSE
chr2_89339124,89339124,1.28063230632691e-08,7.89257554648926,FALSE
chr2_89339238,89339238,1.28063230632691e-08,7.89257554648926,FALSE
chr2_89339255,89339255,1.28063230632691e-08,7.89257554648926,FALSE
chr2_89339258,89339258,1.28063230632691e-08,7.89257554648926,FALSE
chr2_89339260,89339260,1.28063230632691e-08,7.89257554648926,FALSE
chr2_89339336,89339336,1.28063230632691e-08,7.89257554648926,FALSE
chr2_89339339,89339339,1.28063230632691e-08,7.89257554648926,FALSE
chr2_89339344,89339344,1.28063230632691e-08,7.89257554648926,FALSE
chr2_89339353,89339353,1.28063230632691e-08,7.89257554648926,FALSE
chr2_89339452,89339452,1.28063230632691e-08,7.89257554648926,FALSE
chr2_89339461,89339461,1.28063230632691e-08,7.89257554648926,FALSE
chr2_89339468,89339468,1.28063230632691e-08,7.89257554648926,FALSE
chr2_89339470,89339470,1.28063230632691e-08,7.89257554648926,FALSE
chr2_89339579,89339579,1.28063230632691e-08,7.89257554648926,FALSE
chr2_89339673,89339673,1.28063230632691e-08,7.89257554648926,FALSE
chr2_89339777,89339777,1.28063230632691e-08,7.89257554648926,FALSE
chr2_89339782,89339782,1.28063230632691e-08,7.89257554648926,FALSE
chr2_89339798,89339798,1.28063230632691e-08,7.89257554648926,FALSE
chr2_89339814,89339814,1.28063230632691e-08,7.89257554648926,FALSE
chr2_89339927,89339927,1.28063230632691e-08,7.89257554648926,FALSE
chr2_89339970,89339970,1.28063230632691e-08,7.89257554648926,FALSE
chr2_89339985,89339985,1.28063230632691e-08,7.89257554648926,FALSE
chr2_89340011,89340011,1.28063230632691e-08,7.89257554648926,FALSE
chr2_89855306,89855306,1.31182116770487e-08,7.88212536554921,FALSE
chr2_89855464,89855464,1.31182116770487e-08,7.88212536554921,FALSE
chr2_88906816,88906816,1.38398034439818e-08,7.8588700777839,FALSE
chr2_88912249,88912249,1.38398034439818e-08,7.8588700777839,FALSE
chr2_89876351,89876351,1.38506261920924e-08,7.85853059153652,FALSE
chr2_89969802,89969802,1.45006777305167e-08,7.83861169929984,FALSE
chr2_88866737,88866737,1.48350343489351e-08,7.82871144378356,FALSE
chr2_89956608,89956608,1.50829354428324e-08,7.82151412779247,FALSE
chr2_89961648,89961648,1.50829354428324e-08,7.82151412779247,FALSE
chr2_89339331,89339331,1.51544664417683e-08,7.81945934966092,FALSE
chr2_89928469,89928469,1.61473331143546e-08,7.79189919527464,FALSE
chr2_89018776,89018776,1.63736390732197e-08,7.78585478706461,FALSE
chr2_89109874,89109874,1.70398416512034e-08,7.7685344453867,FALSE
chr2_89855890,89855890,1.77845407097787e-08,7.74995734609722,FALSE
chr2_89114764,89114764,1.88893465461282e-08,7.72378306570545,FALSE
chr2_89116107,89116107,1.88893465461282e-08,7.72378306570545,FALSE
chr2_89117992,89117992,1.88893465461282e-08,7.72378306570545,FALSE
chr2_89121120,89121120,1.88893465461282e-08,7.72378306570545,FALSE
chr2_89121461,89121461,1.88893465461282e-08,7.72378306570545,FALSE
chr2_89138355,89138355,1.88893465461282e-08,7.72378306570545,FALSE
chr2_89313564,89313564,2.16803378662196e-08,7.66393395403903,FALSE
chr2_89010265,89010265,2.30520360601903e-08,7.63729070972536,FALSE
chr2_89011066,89011066,2.30520360601903e-08,7.63729070972536,FALSE
chr2_89013564,89013564,2.30520360601903e-08,7.63729070972536,FALSE
chr2_89013982,89013982,2.30520360601903e-08,7.63729070972536,FALSE
chr2_89014008,89014008,2.30520360601903e-08,7.63729070972536,FALSE
chr2_90188585,90188585,2.32739150237571e-08,7.63313055568188,FALSE
chr2_89882865,89882865,2.3437383434273e-08,7.6300908748846,FALSE
chr2_90047847,90047847,2.40462630756739e-08,7.61895240584788,FALSE
chr2_89843499,89843499,2.47645968225581e-08,7.6061687381101,FALSE
chr2_89862952,89862952,2.48620584657284e-08,7.60446291659151,FALSE
chr2_89862961,89862961,2.48620584657284e-08,7.60446291659151,FALSE
chr2_89862962,89862962,2.48620584657284e-08,7.60446291659151,FALSE
chr2_89862963,89862963,2.48620584657284e-08,7.60446291659151,FALSE
chr2_89862964,89862964,2.48620584657284e-08,7.60446291659151,FALSE
chr2_89862965,89862965,2.48620584657284e-08,7.60446291659151,FALSE
chr2_89862976,89862976,2.48620584657284e-08,7.60446291659151,FALSE
chr2_89862998,89862998,2.48620584657284e-08,7.60446291659151,FALSE
chr2_89015935,89015935,3.01332987841853e-08,7.52095332218168,FALSE
chr2_88951364,88951364,3.18896604154135e-08,7.49635010541986,FALSE
chr2_88953177,88953177,3.18896604154135e-08,7.49635010541986,FALSE
chr2_88954784,88954784,3.18896604154135e-08,7.49635010541986,FALSE
chr2_88982451,88982451,3.26976703715822e-08,7.48548318864883,FALSE
chr2_88983187,88983187,3.26976703715822e-08,7.48548318864883,FALSE
chr2_88997832,88997832,3.26976703715822e-08,7.48548318864883,FALSE
chr2_89312719,89312719,3.40003291420411e-08,7.46851687872597,FALSE
chr2_89312806,89312806,3.40003291420411e-08,7.46851687872597,FALSE
chr2_89846359,89846359,3.60716097072358e-08,7.44283447671764,FALSE
chr2_88870598,88870598,3.71734476071873e-08,7.42976715891118,FALSE
chr2_88871840,88871840,3.71734476071873e-08,7.42976715891118,FALSE
chr2_88872572,88872572,3.71734476071873e-08,7.42976715891118,FALSE
chr2_88873908,88873908,3.71734476071873e-08,7.42976715891118,FALSE
chr2_88878560,88878560,3.75567782831136e-08,7.42531166970403,FALSE
chr2_89212472,89212472,4.06661102449983e-08,7.39076736631983,FALSE
chr2_89942439,89942439,4.08319110857406e-08,7.38900029299965,FALSE
chr2_89248933,89248933,4.09465156576126e-08,7.38778304860574,FALSE
chr2_89155175,89155175,4.21827604706923e-08,7.37486500311808,FALSE
chr2_89863938,89863938,4.21910703292595e-08,7.37477945702639,FALSE
chr2_89844519,89844519,4.34658558097602e-08,7.36185176502541,FALSE
chr2_89851319,89851319,4.65213448604275e-08,7.33234773897755,FALSE
chr2_89943337,89943337,5.02183588345602e-08,7.29913748438974,FALSE
chr2_89846450,89846450,5.02189786164736e-08,7.29913212447336,FALSE
chr2_89075433,89075433,5.5937966316951e-08,7.25229332690588,FALSE
chr2_89154958,89154958,6.27542068332311e-08,7.20235715521395,FALSE
chr2_89933099,89933099,6.36649656647546e-08,7.19609949080617,FALSE
chr2_89172146,89172146,6.37997450477557e-08,7.19518105677373,FALSE
chr2_89865224,89865224,6.39573623858894e-08,7.19410945494572,FALSE
chr2_89853889,89853889,6.67167664952617e-08,7.17576501044128,FALSE
chr2_90032447,90032447,6.99482586872301e-08,7.15522309249367,FALSE
chr2_89059421,89059421,7.02849415681996e-08,7.15313771188426,FALSE
chr2_89090346,89090346,7.02849415681996e-08,7.15313771188426,FALSE
chr2_89091618,89091618,7.02849415681996e-08,7.15313771188426,FALSE
chr2_89302396,89302396,9.04885671384668e-08,7.04340628866586,FALSE
chr2_89312994,89312994,9.70447069647033e-08,7.01302814702173,FALSE
chr2_89313147,89313147,9.70447069647033e-08,7.01302814702173,FALSE
chr2_89313198,89313198,9.70447069647033e-08,7.01302814702173,FALSE
chr2_88880498,88880498,1.02988077546645e-07,6.98721304864822,FALSE
chr2_89935057,89935057,1.13936247516105e-07,6.9433380881081,FALSE
chr2_89867230,89867230,1.14875047527582e-07,6.9397742959239,FALSE
chr2_89318908,89318908,1.16952539771342e-07,6.93199034250209,FALSE
chr2_89926294,89926294,1.17215178438962e-07,6.93101614697436,FALSE
chr2_89883539,89883539,1.24410662689051e-07,6.90514239658595,FALSE
chr2_89038224,89038224,1.30736413342986e-07,6.88360343375526,FALSE
chr2_89038763,89038763,1.30736413342986e-07,6.88360343375526,FALSE
chr2_89039499,89039499,1.30736413342986e-07,6.88360343375526,FALSE
chr2_89041282,89041282,1.30736413342986e-07,6.88360343375526,FALSE
chr2_89041404,89041404,1.30736413342986e-07,6.88360343375526,FALSE
chr2_89041592,89041592,1.30736413342986e-07,6.88360343375526,FALSE
chr2_89042128,89042128,1.30736413342986e-07,6.88360343375526,FALSE
chr2_89042413,89042413,1.30736413342986e-07,6.88360343375526,FALSE
chr2_89044249,89044249,1.30736413342986e-07,6.88360343375526,FALSE
chr2_89044827,89044827,1.30736413342986e-07,6.88360343375526,FALSE
chr2_89045069,89045069,1.30736413342986e-07,6.88360343375526,FALSE
chr2_89045508,89045508,1.30736413342986e-07,6.88360343375526,FALSE
chr2_89913792,89913792,1.3266906297621e-07,6.87723033821422,FALSE
chr2_89302532,89302532,1.46505163835404e-07,6.83414706755767,FALSE
chr2_88909537,88909537,1.46964005225511e-07,6.83278902066771,FALSE
chr2_88910674,88910674,1.46964005225511e-07,6.83278902066771,FALSE
chr2_89032443,89032443,1.48166801427968e-07,6.82924909441188,FALSE
chr2_89034279,89034279,1.48166801427968e-07,6.82924909441188,FALSE
chr2_89302611,89302611,1.54943675756059e-07,6.80982614540274,FALSE
chr2_89103728,89103728,1.7449655648336e-07,6.75821313899151,FALSE
chr2_89868913,89868913,2.28213414231774e-07,6.6416588316285,FALSE
chr2_89869383,89869383,2.28213414231774e-07,6.6416588316285,FALSE
chr2_89914145,89914145,2.3275368207044e-07,6.63310343992675,FALSE
chr2_89043666,89043666,2.38413023063119e-07,6.62267002540003,FALSE
chr2_89046914,89046914,2.43856669054332e-07,6.61286536271383,FALSE
chr2_89873629,89873629,2.4909848392748e-07,6.60362891567479,FALSE
chr2_89943711,89943711,2.50252205863904e-07,6.60162208571558,FALSE
chr2_89994900,89994900,2.51964926355544e-07,6.59865990902151,FALSE
chr2_90027603,90027603,2.51964926355544e-07,6.59865990902151,FALSE
chr2_89055760,89055760,3.1471225582153e-07,6.50208634405208,FALSE
chr2_89333172,89333172,3.37262270205031e-07,6.47203224095807,FALSE
chr2_90004699,90004699,3.41520578433277e-07,6.46658312263909,FALSE
chr2_89308026,89308026,3.4578657327855e-07,6.46119187417443,FALSE
chr2_88886878,88886878,3.56514668461136e-07,6.44792259680602,FALSE
chr2_89999730,89999730,3.59197667579577e-07,6.44466649205097,FALSE
chr2_90011873,90011873,3.59197667579577e-07,6.44466649205097,FALSE
chr2_90036172,90036172,3.59197667579577e-07,6.44466649205097,FALSE
chr2_90058484,90058484,3.59197667579577e-07,6.44466649205097,FALSE
chr2_90077265,90077265,3.70582742532101e-07,6.43111480897176,FALSE
chr2_90112895,90112895,3.70582742532101e-07,6.43111480897176,FALSE
chr2_90117916,90117916,3.70582742532101e-07,6.43111480897176,FALSE
chr2_90188586,90188586,3.76918643218844e-07,6.42375238086606,FALSE
chr2_90028684,90028684,3.84280339104188e-07,6.41535183473156,FALSE
chr2_89046584,89046584,4.26208707608144e-07,6.37037768172755,FALSE
chr2_89852673,89852673,4.38988160730687e-07,6.35754719228332,FALSE
chr2_88872983,88872983,4.40263654665222e-07,6.35628716561896,FALSE
chr2_88873390,88873390,4.40263654665222e-07,6.35628716561896,FALSE
chr2_88874746,88874746,4.40263654665222e-07,6.35628716561896,FALSE
chr2_89050632,89050632,4.42496900240209e-07,6.35408976725607,FALSE
chr2_88884795,88884795,4.45295996967799e-07,6.35135120898423,FALSE
chr2_89960586,89960586,4.51523598412533e-07,6.34531954680668,FALSE
chr2_89856590,89856590,4.63312804395718e-07,6.33412569720336,FALSE
chr2_89311009,89311009,4.99465554045258e-07,6.30149445779617,FALSE
chr2_89884009,89884009,5.45665767285809e-07,6.26307329112287,FALSE
chr2_89906840,89906840,5.96794329905042e-07,6.22417531171275,FALSE
chr2_88926355,88926355,6.03102094465837e-07,6.21960916329927,FALSE
chr2_88928902,88928902,6.03102094465837e-07,6.21960916329927,FALSE
chr2_88929908,88929908,6.03102094465837e-07,6.21960916329927,FALSE
chr2_88930020,88930020,6.03102094465837e-07,6.21960916329927,FALSE
chr2_88931597,88931597,6.03102094465837e-07,6.21960916329927,FALSE
chr2_88946431,88946431,6.03102094465837e-07,6.21960916329927,FALSE
chr2_89868746,89868746,6.07903289760067e-07,6.2161655063593,FALSE
chr2_89325156,89325156,6.10417324719508e-07,6.21437314883544,FALSE
chr2_89092143,89092143,6.23124056064601e-07,6.20542548223193,FALSE
chr2_90067318,90067318,6.35212177348656e-07,6.19708118484949,FALSE
chr2_90126896,90126896,7.00042831086724e-07,6.15487538750637,FALSE
chr2_89846609,89846609,7.04570534763239e-07,6.15207552303004,FALSE
chr2_89893722,89893722,7.16766919142128e-07,6.14462204682467,FALSE
chr2_89021436,89021436,7.61764738613058e-07,6.1181791343007,FALSE
chr2_89023096,89023096,7.61764738613058e-07,6.1181791343007,FALSE
chr2_89025107,89025107,7.61764738613058e-07,6.1181791343007,FALSE
chr2_89025311,89025311,7.61764738613058e-07,6.1181791343007,FALSE
chr2_89025610,89025610,7.61764738613058e-07,6.1181791343007,FALSE
chr2_89887469,89887469,8.80350823912428e-07,6.05534422497825,FALSE
chr2_90104589,90104589,9.89469171551961e-07,6.00459773236556,FALSE
chr2_89001586,89001586,1.06121604951596e-06,5.97419619049944,FALSE
chr2_90008852,90008852,1.12422816548131e-06,5.94914553845254,FALSE
chr2_89242311,89242311,1.13942794914288e-06,5.94331313189561,FALSE
chr2_89223646,89223646,1.15540800581058e-06,5.93726462756204,FALSE
chr2_89225390,89225390,1.15540800581058e-06,5.93726462756204,FALSE
chr2_89310353,89310353,1.29654620943481e-06,5.88721200018663,FALSE
chr2_89310473,89310473,1.29654620943481e-06,5.88721200018663,FALSE
chr2_89310735,89310735,1.29654620943481e-06,5.88721200018663,FALSE
chr2_89310953,89310953,1.29654620943481e-06,5.88721200018663,FALSE
chr2_89311136,89311136,1.29654620943481e-06,5.88721200018663,FALSE
chr2_89311242,89311242,1.29654620943481e-06,5.88721200018663,FALSE
chr2_89311410,89311410,1.29654620943481e-06,5.88721200018663,FALSE
chr2_89311681,89311681,1.29654620943481e-06,5.88721200018663,FALSE
chr2_89311796,89311796,1.29654620943481e-06,5.88721200018663,FALSE
chr2_89220247,89220247,1.31791365291199e-06,5.88011304292281,FALSE
chr2_89029605,89029605,1.37646752530095e-06,5.86123403036507,FALSE
chr2_89029612,89029612,1.37646752530095e-06,5.86123403036507,FALSE
chr2_89029762,89029762,1.37646752530095e-06,5.86123403036507,FALSE
chr2_89029781,89029781,1.37646752530095e-06,5.86123403036507,FALSE
chr2_89029790,89029790,1.37646752530095e-06,5.86123403036507,FALSE
chr2_89029802,89029802,1.37646752530095e-06,5.86123403036507,FALSE
chr2_89030009,89030009,1.37646752530095e-06,5.86123403036507,FALSE
chr2_89030179,89030179,1.37646752530095e-06,5.86123403036507,FALSE
chr2_89030193,89030193,1.37646752530095e-06,5.86123403036507,FALSE
chr2_89030204,89030204,1.37646752530095e-06,5.86123403036507,FALSE
chr2_89030242,89030242,1.37646752530095e-06,5.86123403036507,FALSE
chr2_89030264,89030264,1.37646752530095e-06,5.86123403036507,FALSE
chr2_89030293,89030293,1.37646752530095e-06,5.86123403036507,FALSE
chr2_89030313,89030313,1.37646752530095e-06,5.86123403036507,FALSE
chr2_89030447,89030447,1.37646752530095e-06,5.86123403036507,FALSE
chr2_89030532,89030532,1.37646752530095e-06,5.86123403036507,FALSE
chr2_89855319,89855319,1.37688247696298e-06,5.86110312712481,FALSE
chr2_89898399,89898399,1.37840336628293e-06,5.86062367494169,FALSE
chr2_88875857,88875857,1.42956237643156e-06,5.84479689021924,FALSE
chr2_88886138,88886138,1.42956237643156e-06,5.84479689021924,FALSE
chr2_88903306,88903306,1.42956237643156e-06,5.84479689021924,FALSE
chr2_90269457,90269457,1.54846908909218e-06,5.81009745971029,FALSE
chr2_90154979,90154979,1.58448072613739e-06,5.80011303926515,FALSE
chr2_89220011,89220011,1.59942525747811e-06,5.79603605006144,FALSE
chr2_89962433,89962433,1.60811421504123e-06,5.79368310906978,FALSE
chr2_89917562,89917562,1.76076809713389e-06,5.75429783924403,FALSE
chr2_88877271,88877271,1.87079207880131e-06,5.727974477624,FALSE
chr2_90050455,90050455,1.95846771101997e-06,5.70808358420876,FALSE
chr2_88924532,88924532,2.05995338669895e-06,5.68614260687768,FALSE
chr2_88924933,88924933,2.05995338669895e-06,5.68614260687768,FALSE
chr2_88980924,88980924,2.05995338669895e-06,5.68614260687768,FALSE
chr2_88981461,88981461,2.05995338669895e-06,5.68614260687768,FALSE
chr2_88981573,88981573,2.05995338669895e-06,5.68614260687768,FALSE
chr2_88982000,88982000,2.05995338669895e-06,5.68614260687768,FALSE
chr2_88982080,88982080,2.05995338669895e-06,5.68614260687768,FALSE
chr2_89086214,89086214,2.12057312447653e-06,5.67354674701512,FALSE
chr2_89311380,89311380,2.15417997084887e-06,5.66671801641337,FALSE
chr2_89311456,89311456,2.15417997084887e-06,5.66671801641337,FALSE
chr2_89049106,89049106,2.32551555703205e-06,5.63348075083723,FALSE
chr2_89003900,89003900,2.45203036251269e-06,5.61047415642521,FALSE
chr2_89004358,89004358,2.45203036251269e-06,5.61047415642521,FALSE
chr2_89005318,89005318,2.45203036251269e-06,5.61047415642521,FALSE
chr2_89005461,89005461,2.45203036251269e-06,5.61047415642521,FALSE
chr2_89005569,89005569,2.45203036251269e-06,5.61047415642521,FALSE
chr2_89005771,89005771,2.45203036251269e-06,5.61047415642521,FALSE
chr2_89007027,89007027,2.45203036251269e-06,5.61047415642521,FALSE
chr2_89007041,89007041,2.45203036251269e-06,5.61047415642521,FALSE
chr2_89007582,89007582,2.45203036251269e-06,5.61047415642521,FALSE
chr2_89008026,89008026,2.45203036251269e-06,5.61047415642521,FALSE
chr2_89008160,89008160,2.45203036251269e-06,5.61047415642521,FALSE
chr2_89008663,89008663,2.45203036251269e-06,5.61047415642521,FALSE
chr2_89008683,89008683,2.45203036251269e-06,5.61047415642521,FALSE
chr2_89302221,89302221,2.77243868033788e-06,5.55713805061988,FALSE
chr2_89284298,89284298,2.78520068724572e-06,5.55514350633468,FALSE
chr2_89284530,89284530,2.78520068724572e-06,5.55514350633468,FALSE
chr2_89284614,89284614,2.78520068724572e-06,5.55514350633468,FALSE
chr2_89917651,89917651,2.97629951989313e-06,5.52632336570301,FALSE
chr2_89340311,89340311,3.18548215173489e-06,5.49682482392828,FALSE
chr2_88938830,88938830,3.20152348417908e-06,5.49464330814187,FALSE
chr2_88943102,88943102,3.20152348417908e-06,5.49464330814187,FALSE
chr2_89902107,89902107,3.71137838761037e-06,5.43046476559899,FALSE
chr2_89937740,89937740,3.96382184764663e-06,5.40188587293618,FALSE
chr2_89940433,89940433,3.96382184764663e-06,5.40188587293618,FALSE
chr2_89951745,89951745,3.96382184764663e-06,5.40188587293618,FALSE
chr2_88876444,88876444,3.96457333804857e-06,5.4018035440088,FALSE
chr2_90027769,90027769,4.05476498126998e-06,5.39203431291904,FALSE
chr2_89004023,89004023,4.17774430018384e-06,5.37905814463754,FALSE
chr2_89304901,89304901,4.29344053211937e-06,5.3671945480794,FALSE
chr2_89304946,89304946,4.29344053211937e-06,5.3671945480794,FALSE
chr2_89305162,89305162,4.29344053211937e-06,5.3671945480794,FALSE
chr2_89305244,89305244,4.29344053211937e-06,5.3671945480794,FALSE
chr2_89305364,89305364,4.29344053211937e-06,5.3671945480794,FALSE
chr2_89305392,89305392,4.29344053211937e-06,5.3671945480794,FALSE
chr2_89305405,89305405,4.29344053211937e-06,5.3671945480794,FALSE
chr2_89305497,89305497,4.29344053211937e-06,5.3671945480794,FALSE
chr2_89305801,89305801,4.29344053211937e-06,5.3671945480794,FALSE
chr2_89307460,89307460,4.29344053211937e-06,5.3671945480794,FALSE
chr2_89307774,89307774,4.29344053211937e-06,5.3671945480794,FALSE
chr2_89307810,89307810,4.29344053211937e-06,5.3671945480794,FALSE
chr2_89965235,89965235,4.45318439491483e-06,5.35132932147871,FALSE
chr2_89312578,89312578,4.48603894347756e-06,5.34813696060949,FALSE
chr2_89108301,89108301,4.5338929066956e-06,5.34352874238781,FALSE
chr2_89009428,89009428,4.57254937494152e-06,5.33984159626185,FALSE
chr2_89009485,89009485,4.57254937494152e-06,5.33984159626185,FALSE
chr2_89010045,89010045,4.57254937494152e-06,5.33984159626185,FALSE
chr2_89010057,89010057,4.57254937494152e-06,5.33984159626185,FALSE
chr2_89010238,89010238,4.57254937494152e-06,5.33984159626185,FALSE
chr2_89010551,89010551,4.57254937494152e-06,5.33984159626185,FALSE
chr2_89010552,89010552,4.57254937494152e-06,5.33984159626185,FALSE
chr2_89010595,89010595,4.57254937494152e-06,5.33984159626185,FALSE
chr2_89010778,89010778,4.57254937494152e-06,5.33984159626185,FALSE
chr2_89011073,89011073,4.57254937494152e-06,5.33984159626185,FALSE
chr2_89011077,89011077,4.57254937494152e-06,5.33984159626185,FALSE
chr2_89011175,89011175,4.57254937494152e-06,5.33984159626185,FALSE
chr2_89011228,89011228,4.57254937494152e-06,5.33984159626185,FALSE
chr2_89011305,89011305,4.57254937494152e-06,5.33984159626185,FALSE
chr2_89011335,89011335,4.57254937494152e-06,5.33984159626185,FALSE
chr2_89012265,89012265,4.57254937494152e-06,5.33984159626185,FALSE
chr2_89969215,89969215,4.85902159121263e-06,5.31345117113175,FALSE
chr2_89969293,89969293,5.10534670228781e-06,5.29197475979103,FALSE
chr2_89015641,89015641,5.243576818961e-06,5.28037236515244,FALSE
chr2_89016776,89016776,5.243576818961e-06,5.28037236515244,FALSE
chr2_88932860,88932860,5.50035254879997e-06,5.2596094732164,FALSE
chr2_88934208,88934208,5.50035254879997e-06,5.2596094732164,FALSE
chr2_89285333,89285333,5.67889560506105e-06,5.24573611486341,FALSE
chr2_88943736,88943736,5.99303364375336e-06,5.22235328424988,FALSE
chr2_88982294,88982294,6.03594457783707e-06,5.21925475657869,FALSE
chr2_88982537,88982537,6.03594457783707e-06,5.21925475657869,FALSE
chr2_88982607,88982607,6.03594457783707e-06,5.21925475657869,FALSE
chr2_88984058,88984058,6.03594457783707e-06,5.21925475657869,FALSE
chr2_88984059,88984059,6.03594457783707e-06,5.21925475657869,FALSE
chr2_88985610,88985610,6.03594457783707e-06,5.21925475657869,FALSE
chr2_88988176,88988176,6.03594457783707e-06,5.21925475657869,FALSE
chr2_88993483,88993483,6.03594457783707e-06,5.21925475657869,FALSE
chr2_88993503,88993503,6.03594457783707e-06,5.21925475657869,FALSE
chr2_88994865,88994865,6.03594457783707e-06,5.21925475657869,FALSE
chr2_88995011,88995011,6.03594457783707e-06,5.21925475657869,FALSE
chr2_88995226,88995226,6.03594457783707e-06,5.21925475657869,FALSE
chr2_88996296,88996296,6.03594457783707e-06,5.21925475657869,FALSE
chr2_88996298,88996298,6.03594457783707e-06,5.21925475657869,FALSE
chr2_88996390,88996390,6.03594457783707e-06,5.21925475657869,FALSE
chr2_88996399,88996399,6.03594457783707e-06,5.21925475657869,FALSE
chr2_88996728,88996728,6.03594457783707e-06,5.21925475657869,FALSE
chr2_88998062,88998062,6.03594457783707e-06,5.21925475657869,FALSE
chr2_88998554,88998554,6.03594457783707e-06,5.21925475657869,FALSE
chr2_88999099,88999099,6.03594457783707e-06,5.21925475657869,FALSE
chr2_88999752,88999752,6.03594457783707e-06,5.21925475657869,FALSE
chr2_89000209,89000209,6.03594457783707e-06,5.21925475657869,FALSE
chr2_89000784,89000784,6.03594457783707e-06,5.21925475657869,FALSE
chr2_89002667,89002667,6.03594457783707e-06,5.21925475657869,FALSE
chr2_89011144,89011144,6.96309291637525e-06,5.15719780950634,FALSE
chr2_89902998,89902998,6.98942583497015e-06,5.15555849906776,FALSE
chr2_89239396,89239396,7.11178204282277e-06,5.14802156180301,FALSE
chr2_89297163,89297163,7.34558485555936e-06,5.13397361996492,FALSE
chr2_89307879,89307879,7.37201093657009e-06,5.13241402916532,FALSE
chr2_89336363,89336363,7.47702560026338e-06,5.12627113238875,FALSE
chr2_89337169,89337169,7.47702560026338e-06,5.12627113238875,FALSE
chr2_89339175,89339175,7.51655200682374e-06,5.12398133331946,FALSE
chr2_89060352,89060352,7.99172233690711e-06,5.09735961357635,FALSE
chr2_89063828,89063828,7.99172233690711e-06,5.09735961357635,FALSE
chr2_89066031,89066031,7.99172233690711e-06,5.09735961357635,FALSE
chr2_89070794,89070794,7.99172233690711e-06,5.09735961357635,FALSE
chr2_89070795,89070795,7.99172233690711e-06,5.09735961357635,FALSE
chr2_89073748,89073748,7.99172233690711e-06,5.09735961357635,FALSE
chr2_89076563,89076563,7.99172233690711e-06,5.09735961357635,FALSE
chr2_89080795,89080795,7.99172233690711e-06,5.09735961357635,FALSE
chr2_89082665,89082665,7.99172233690711e-06,5.09735961357635,FALSE
chr2_89098363,89098363,7.99172233690711e-06,5.09735961357635,FALSE
chr2_89099547,89099547,7.99172233690711e-06,5.09735961357635,FALSE
chr2_89100283,89100283,7.99172233690711e-06,5.09735961357635,FALSE
chr2_89305843,89305843,8.03953694374394e-06,5.09476896475506,FALSE
chr2_89295767,89295767,8.28178967928697e-06,5.08187580284655,FALSE
chr2_89048537,89048537,8.4372042612664e-06,5.07380143667364,FALSE
chr2_89048886,89048886,8.4372042612664e-06,5.07380143667364,FALSE
chr2_89048922,89048922,8.4372042612664e-06,5.07380143667364,FALSE
chr2_89252269,89252269,8.61067931433355e-06,5.06496258480317,FALSE
chr2_89308132,89308132,8.77924697745358e-06,5.0565427332467,FALSE
chr2_89309302,89309302,9.12294927909722e-06,5.03986473967851,FALSE
chr2_89338088,89338088,9.28824352339657e-06,5.0320664065898,FALSE
chr2_89859578,89859578,9.48956592283879e-06,5.02275365286537,FALSE
chr2_89285307,89285307,9.64917393766521e-06,5.01550986486032,FALSE
chr2_89285699,89285699,9.64917393766521e-06,5.01550986486032,FALSE
chr2_89216230,89216230,9.91658418157129e-06,5.00363789705551,FALSE
chr2_89218978,89218978,9.91658418157129e-06,5.00363789705551,FALSE
chr2_89219218,89219218,9.91658418157129e-06,5.00363789705551,FALSE
chr2_89219767,89219767,9.91658418157129e-06,5.00363789705551,FALSE
chr2_89223204,89223204,9.91658418157129e-06,5.00363789705551,FALSE
chr2_89223959,89223959,9.91658418157129e-06,5.00363789705551,FALSE
chr2_89224954,89224954,9.91658418157129e-06,5.00363789705551,FALSE
chr2_89234206,89234206,9.91658418157129e-06,5.00363789705551,FALSE
chr2_89236533,89236533,9.91658418157129e-06,5.00363789705551,FALSE
chr2_88931864,88931864,1.01859896840223e-05,4.99199676799633,FALSE
chr2_88932661,88932661,1.01859896840223e-05,4.99199676799633,FALSE
chr2_88936277,88936277,1.01859896840223e-05,4.99199676799633,FALSE
chr2_88937333,88937333,1.01859896840223e-05,4.99199676799633,FALSE
chr2_88938978,88938978,1.01859896840223e-05,4.99199676799633,FALSE
chr2_88940584,88940584,1.01859896840223e-05,4.99199676799633,FALSE
chr2_88941482,88941482,1.01859896840223e-05,4.99199676799633,FALSE
chr2_88942387,88942387,1.01859896840223e-05,4.99199676799633,FALSE
chr2_89328129,89328129,1.04897599432319e-05,4.97923445046446,FALSE
chr2_89015356,89015356,1.05936329986507e-05,4.9749550766545,FALSE
chr2_89183996,89183996,1.08393500567753e-05,4.96499675794694,FALSE
chr2_89199819,89199819,1.08393500567753e-05,4.96499675794694,FALSE
chr2_89204892,89204892,1.08393500567753e-05,4.96499675794694,FALSE
chr2_89001537,89001537,1.08945969844585e-05,4.9627888306461,FALSE
chr2_89001800,89001800,1.08945969844585e-05,4.9627888306461,FALSE
chr2_89246140,89246140,1.1195311490599e-05,4.95096381840774,FALSE
chr2_89230347,89230347,1.12313829861824e-05,4.94956676321433,FALSE
chr2_89230822,89230822,1.12313829861824e-05,4.94956676321433,FALSE
chr2_89233135,89233135,1.12313829861824e-05,4.94956676321433,FALSE
chr2_89233981,89233981,1.12313829861824e-05,4.94956676321433,FALSE
chr2_88839732,88839732,1.12544680599195e-05,4.94867502701629,FALSE
chr2_89062943,89062943,1.16674971079501e-05,4.93302229809239,FALSE
chr2_89071031,89071031,1.16674971079501e-05,4.93302229809239,FALSE
chr2_89072983,89072983,1.16674971079501e-05,4.93302229809239,FALSE
chr2_89076752,89076752,1.16674971079501e-05,4.93302229809239,FALSE
chr2_89090508,89090508,1.16674971079501e-05,4.93302229809239,FALSE
chr2_89092367,89092367,1.16674971079501e-05,4.93302229809239,FALSE
chr2_89092440,89092440,1.16674971079501e-05,4.93302229809239,FALSE
chr2_89093193,89093193,1.16674971079501e-05,4.93302229809239,FALSE
chr2_89093847,89093847,1.16674971079501e-05,4.93302229809239,FALSE
chr2_89094412,89094412,1.16674971079501e-05,4.93302229809239,FALSE
chr2_89095982,89095982,1.16674971079501e-05,4.93302229809239,FALSE
chr2_89096251,89096251,1.16674971079501e-05,4.93302229809239,FALSE
chr2_89302621,89302621,1.27880273194559e-05,4.89319644460271,FALSE
chr2_89969897,89969897,1.37031374832115e-05,4.86317998498638,FALSE
chr2_89298939,89298939,1.40274668703936e-05,4.85302074832561,FALSE
chr2_88877593,88877593,1.41239480982906e-05,4.85004388702139,FALSE
chr2_88878422,88878422,1.41239480982906e-05,4.85004388702139,FALSE
chr2_89048538,89048538,1.41612913425621e-05,4.84889714231165,FALSE
chr2_89917378,89917378,1.46134365312578e-05,4.83524764230921,FALSE
chr2_89955630,89955630,1.48717029178202e-05,4.82763929876333,FALSE
chr2_89955638,89955638,1.48717029178202e-05,4.82763929876333,FALSE
chr2_90181243,90181243,1.53762158706915e-05,4.81315053245961,FALSE
chr2_88992882,88992882,1.54224609883114e-05,4.81184631964664,FALSE
chr2_89302053,89302053,1.55521676967736e-05,4.808209069458,FALSE
chr2_89302107,89302107,1.55521676967736e-05,4.808209069458,FALSE
chr2_89302839,89302839,1.55521676967736e-05,4.808209069458,FALSE
chr2_89302887,89302887,1.55521676967736e-05,4.808209069458,FALSE
chr2_89301017,89301017,1.57408907714151e-05,4.80297069471114,FALSE
chr2_89298292,89298292,1.59915714353613e-05,4.79610885756876,FALSE
chr2_89038318,89038318,1.68346303065239e-05,4.77379641640685,FALSE
chr2_89039521,89039521,1.68346303065239e-05,4.77379641640685,FALSE
chr2_89325054,89325054,1.79440780890518e-05,4.74607884945794,FALSE
chr2_89275527,89275527,1.99477784836772e-05,4.70010546318532,FALSE
chr2_89060656,89060656,1.99726596114589e-05,4.69956409949223,FALSE
chr2_89907019,89907019,2.0880712975018e-05,4.68025467636759,FALSE
chr2_89039626,89039626,2.248416350139e-05,4.64812326524473,FALSE
chr2_89041091,89041091,2.248416350139e-05,4.64812326524473,FALSE
chr2_89043826,89043826,2.248416350139e-05,4.64812326524473,FALSE
chr2_89043834,89043834,2.248416350139e-05,4.64812326524473,FALSE
chr2_89044295,89044295,2.248416350139e-05,4.64812326524473,FALSE
chr2_89339187,89339187,2.2592960392753e-05,4.64602685903091,FALSE
chr2_89032415,89032415,2.27933892622919e-05,4.6421910926138,FALSE
chr2_89032654,89032654,2.27933892622919e-05,4.6421910926138,FALSE
chr2_89034644,89034644,2.27933892622919e-05,4.6421910926138,FALSE
chr2_88828424,88828424,2.28781938967193e-05,4.64057826360493,FALSE
chr2_89901056,89901056,2.37858962593196e-05,4.62368047959647,FALSE
chr2_89298215,89298215,2.51156611735734e-05,4.60005538448612,FALSE
chr2_89298308,89298308,2.51156611735734e-05,4.60005538448612,FALSE
chr2_89298774,89298774,2.51156611735734e-05,4.60005538448612,FALSE
chr2_89298788,89298788,2.51156611735734e-05,4.60005538448612,FALSE
chr2_89299072,89299072,2.51156611735734e-05,4.60005538448612,FALSE
chr2_89299366,89299366,2.51156611735734e-05,4.60005538448612,FALSE
chr2_89285760,89285760,2.54100706465807e-05,4.59499412749676,FALSE
chr2_89339045,89339045,2.55467670994631e-05,4.59266405129048,FALSE
chr2_90022310,90022310,2.56445469823138e-05,4.59100496845703,FALSE
chr2_89303956,89303956,2.59025361125636e-05,4.58665771214384,FALSE
chr2_89300099,89300099,2.64906038468683e-05,4.57690814195291,FALSE
chr2_89300505,89300505,2.64906038468683e-05,4.57690814195291,FALSE
chr2_89301478,89301478,2.64906038468683e-05,4.57690814195291,FALSE
chr2_89303480,89303480,2.66233030983271e-05,4.57473806349755,FALSE
chr2_89328508,89328508,2.70678865822758e-05,4.56754565193125,FALSE
chr2_90062340,90062340,2.84685330354518e-05,4.54563491118191,FALSE
chr2_89303399,89303399,2.86201567996747e-05,4.5433279912245,FALSE
chr2_89271876,89271876,2.88167637959208e-05,4.54035479328226,FALSE
chr2_89269918,89269918,2.95705396463772e-05,4.52914074976183,FALSE
chr2_89985546,89985546,3.21462401700492e-05,4.4928698149291,FALSE
chr2_89884331,89884331,3.21894175123046e-05,4.49228688207427,FALSE
chr2_89290201,89290201,3.34422912469065e-05,4.47570397519835,FALSE
chr2_89313999,89313999,3.34596639291292e-05,4.47547842543154,FALSE
chr2_89287138,89287138,3.41820111735728e-05,4.46620238819548,FALSE
chr2_89287544,89287544,3.41820111735728e-05,4.46620238819548,FALSE
chr2_89955389,89955389,3.55727570270735e-05,4.44888247399771,FALSE
chr2_89045885,89045885,3.59587708459271e-05,4.44419516187637,FALSE
chr2_90032450,90032450,3.72414877717642e-05,4.42897297757896,FALSE
chr2_89037172,89037172,3.78234869090252e-05,4.42223843647608,FALSE
chr2_89266875,89266875,3.80548150211136e-05,4.41959038475937,FALSE
chr2_89917406,89917406,3.81657996122037e-05,4.41832563427728,FALSE
chr2_89047556,89047556,3.82600577193815e-05,4.41725437912864,FALSE
chr2_89299563,89299563,3.89971422737692e-05,4.40896721708134,FALSE
chr2_89299595,89299595,3.89971422737692e-05,4.40896721708134,FALSE
chr2_89299699,89299699,3.89971422737692e-05,4.40896721708134,FALSE
chr2_89299721,89299721,3.89971422737692e-05,4.40896721708134,FALSE
chr2_89299807,89299807,3.89971422737692e-05,4.40896721708134,FALSE
chr2_90009066,90009066,4.01664363101299e-05,4.39613669850238,FALSE
chr2_89289408,89289408,4.33813506931658e-05,4.36269693020434,FALSE
chr2_89286079,89286079,4.42904474603562e-05,4.3536899320751,FALSE
chr2_89286161,89286161,4.42904474603562e-05,4.3536899320751,FALSE
chr2_89286337,89286337,4.42904474603562e-05,4.3536899320751,FALSE
chr2_89286342,89286342,4.42904474603562e-05,4.3536899320751,FALSE
chr2_89295439,89295439,4.49152077761406e-05,4.3476065869476,FALSE
chr2_89296557,89296557,4.49152077761406e-05,4.3476065869476,FALSE
chr2_89296622,89296622,4.49152077761406e-05,4.3476065869476,FALSE
chr2_89296878,89296878,4.49152077761406e-05,4.3476065869476,FALSE
chr2_89296256,89296256,4.49237062507126e-05,4.34752442120323,FALSE
chr2_89295009,89295009,4.53661743131656e-05,4.34326784283526,FALSE
chr2_89294872,89294872,4.70133222262691e-05,4.327779058032,FALSE
chr2_89295669,89295669,4.70133222262691e-05,4.327779058032,FALSE
chr2_89030129,89030129,4.71825794668903e-05,4.32621831996559,FALSE
chr2_89303947,89303947,4.85139069200021e-05,4.31413374937981,FALSE
chr2_89163041,89163041,4.89725087558145e-05,4.31004764744393,FALSE
chr2_89166181,89166181,4.89725087558145e-05,4.31004764744393,FALSE
chr2_89194245,89194245,4.92959931286849e-05,4.30718837956297,FALSE
chr2_89201702,89201702,4.92959931286849e-05,4.30718837956297,FALSE
chr2_89208527,89208527,4.92959931286849e-05,4.30718837956297,FALSE
chr2_89210791,89210791,4.92959931286849e-05,4.30718837956297,FALSE
chr2_89285369,89285369,5.0018116573366e-05,4.3008726656082,FALSE
chr2_89106266,89106266,5.23237875568504e-05,4.28130082631408,FALSE
chr2_89108910,89108910,5.23237875568504e-05,4.28130082631408,FALSE
chr2_89286927,89286927,5.23360656508526e-05,4.28119892843567,FALSE
chr2_89984213,89984213,5.33421910277741e-05,4.27292914965609,FALSE
chr2_89986064,89986064,5.33421910277741e-05,4.27292914965609,FALSE
chr2_89303945,89303945,5.40303214660972e-05,4.26736244851602,FALSE
chr2_89322520,89322520,5.61629812500026e-05,4.2505498469954,FALSE
chr2_89169330,89169330,6.313199154277e-05,4.19975051033377,FALSE
chr2_89295323,89295323,6.59565937178313e-05,4.18074178128326,FALSE
chr2_89325482,89325482,6.68564906976713e-05,4.17485642329588,FALSE
chr2_90104725,90104725,6.90558390404112e-05,4.16079959361226,FALSE
chr2_89182125,89182125,6.99663603912724e-05,4.15511071724262,FALSE
chr2_89154159,89154159,7.11066543749555e-05,4.14808975478227,FALSE
chr2_89295945,89295945,7.25813103962237e-05,4.13917519523285,FALSE
chr2_90040779,90040779,7.93966727765356e-05,4.10019769688106,FALSE
chr2_89099605,89099605,8.04219938374308e-05,4.0946251639879,FALSE
chr2_90003940,90003940,8.04515648501232e-05,4.09446550409244,FALSE
chr2_88829218,88829218,8.31700065217575e-05,4.08003326446151,FALSE
chr2_89312063,89312063,8.36452484990445e-05,4.07755872426829,FALSE
chr2_89303949,89303949,8.57245763797753e-05,4.06689465233586,FALSE
chr2_89316940,89316940,8.71513070908555e-05,4.05972609497867,FALSE
chr2_89950360,89950360,8.93443093446474e-05,4.04893310403045,FALSE
chr2_89309637,89309637,8.998986220976e-05,4.04580641316454,FALSE
chr2_90043744,90043744,9.39974710655733e-05,4.02688383062414,FALSE
chr2_89993390,89993390,9.43731194533503e-05,4.02515168934072,FALSE
chr2_89914164,89914164,9.83340459432472e-05,4.0072960914727,FALSE
chr2_89213334,89213334,0.000103225037829043,3.98621494929664,FALSE
chr2_89317991,89317991,0.000106229760731095,3.97375379671372,FALSE
chr2_89212981,89212981,0.000108249508150567,3.96557406825848,FALSE
chr2_89306472,89306472,0.000113348973344097,3.94558240913264,FALSE
chr2_89289677,89289677,0.000113391499552073,3.94541950131613,FALSE
chr2_89238391,89238391,0.000120675902791063,3.91837944348743,FALSE
chr2_89025429,89025429,0.000123291184524247,3.90906797489935,FALSE
chr2_89332447,89332447,0.000130874240463678,3.88314582575926,FALSE
chr2_89884020,89884020,0.000130965048060725,3.88284459334974,FALSE
chr2_90031451,90031451,0.000134008099633219,3.87286895148814,FALSE
chr2_89303005,89303005,0.00014678107760153,3.83332992822734,FALSE
chr2_89303973,89303973,0.000160410698799285,3.79476666925298,FALSE
chr2_89303991,89303991,0.000160410698799285,3.79476666925298,FALSE
chr2_89303946,89303946,0.000166865906489711,3.77763238792174,FALSE
chr2_90137383,90137383,0.000167605173459999,3.77571258015411,FALSE
chr2_89914983,89914983,0.00016783347389622,3.77512141610216,FALSE
chr2_89106584,89106584,0.000181412574154384,3.74133261420754,FALSE
chr2_89107507,89107507,0.000181412574154384,3.74133261420754,FALSE
chr2_89110938,89110938,0.000181412574154384,3.74133261420754,FALSE
chr2_89239854,89239854,0.000184302334383549,3.73446916394819,FALSE
chr2_89240512,89240512,0.000184302334383549,3.73446916394819,FALSE
chr2_89245365,89245365,0.000184302334383549,3.73446916394819,FALSE
chr2_89248174,89248174,0.000184302334383549,3.73446916394819,FALSE
chr2_89248692,89248692,0.000184302334383549,3.73446916394819,FALSE
chr2_89248934,89248934,0.000184302334383549,3.73446916394819,FALSE
chr2_88853133,88853133,0.000185216614189603,3.73232005908368,FALSE
chr2_88828708,88828708,0.000188348257257183,3.72503839386841,FALSE
chr2_89338952,89338952,0.000189428954488508,3.72255363772187,FALSE
chr2_88835389,88835389,0.000190724661659673,3.71959314685843,FALSE
chr2_89029943,89029943,0.000199250506136953,3.70060056673382,FALSE
chr2_89029995,89029995,0.000199250506136953,3.70060056673382,FALSE
chr2_89030019,89030019,0.000199250506136953,3.70060056673382,FALSE
chr2_89031323,89031323,0.000199250506136953,3.70060056673382,FALSE
chr2_89031708,89031708,0.000199250506136953,3.70060056673382,FALSE
chr2_89031709,89031709,0.000199250506136953,3.70060056673382,FALSE
chr2_89031745,89031745,0.000199250506136953,3.70060056673382,FALSE
chr2_89161256,89161256,0.000203014909598052,3.69247206593711,FALSE
chr2_88853877,88853877,0.000214893033008166,3.66777766443018,FALSE
chr2_88843269,88843269,0.000215611273534133,3.66632853520299,FALSE
chr2_88853536,88853536,0.00021731013371324,3.66292002097297,FALSE
chr2_89868560,89868560,0.000223055287518704,3.65158747736306,FALSE
chr2_89298147,89298147,0.000223636884563045,3.6504565664335,FALSE
chr2_88836251,88836251,0.000227481809414779,3.64305332598111,FALSE
chr2_89917541,89917541,0.000231552852136994,3.63534986524349,FALSE
chr2_89280439,89280439,0.000233372032210301,3.63195119192614,FALSE
chr2_89904917,89904917,0.000245066436908639,3.6107161635071,FALSE
chr2_89303953,89303953,0.000248532669243294,3.60461651582582,FALSE
chr2_89922080,89922080,0.000252069521522576,3.59847966298984,FALSE
chr2_89921302,89921302,0.000264390674809929,3.57775386669778,FALSE
chr2_89921694,89921694,0.000264390674809929,3.57775386669778,FALSE
chr2_89921784,89921784,0.000264390674809929,3.57775386669778,FALSE
chr2_89250404,89250404,0.000268156513123185,3.57161165020527,FALSE
chr2_89867852,89867852,0.000268655942784676,3.57080354820883,FALSE
chr2_89301807,89301807,0.000270762508135784,3.56741147158584,FALSE
chr2_89244680,89244680,0.000274636344188818,3.5612419906382,FALSE
chr2_88865677,88865677,0.0002786630710349,3.5549205810119,FALSE
chr2_89298398,89298398,0.000286795786651774,3.54242723322504,FALSE
chr2_89945920,89945920,0.000289818921317795,3.53787326429045,FALSE
chr2_88833930,88833930,0.000291112633701291,3.53593894664742,FALSE
chr2_89182211,89182211,0.000291486616639656,3.53538138070935,FALSE
chr2_89183676,89183676,0.000291486616639656,3.53538138070935,FALSE
chr2_89895927,89895927,0.000293364215922772,3.53259286177789,FALSE
chr2_89843655,89843655,0.000293736534642389,3.53204203302504,FALSE
chr2_88819476,88819476,0.000298504451655257,3.52504918776779,FALSE
chr2_89873303,89873303,0.00030562615430608,3.51480948326134,FALSE
chr2_89256719,89256719,0.000312376622436915,3.5053214751998,FALSE
chr2_89318666,89318666,0.000317965376061781,3.49762016870735,FALSE
chr2_88845241,88845241,0.00032680427576648,3.48571226998038,FALSE
chr2_88848200,88848200,0.00032680427576648,3.48571226998038,FALSE
chr2_89004112,89004112,0.00033759917144491,3.4715986279153,FALSE
chr2_88843980,88843980,0.000344486746068014,3.46282748266856,FALSE
chr2_88897241,88897241,0.000352201655542391,3.45320860693991,FALSE
chr2_88897390,88897390,0.000352201655542391,3.45320860693991,FALSE
chr2_88897674,88897674,0.000352201655542391,3.45320860693991,FALSE
chr2_88898127,88898127,0.000352201655542391,3.45320860693991,FALSE
chr2_88899868,88899868,0.000352201655542391,3.45320860693991,FALSE
chr2_90147402,90147402,0.000366612605040933,3.43579260700716,FALSE
chr2_89873105,89873105,0.000367498568967548,3.43474434771096,FALSE
chr2_89874582,89874582,0.000367498568967548,3.43474434771096,FALSE
chr2_89253968,89253968,0.000368459459087569,3.43361028979446,FALSE
chr2_90144630,90144630,0.000390584623740286,3.40828485771019,FALSE
chr2_89102800,89102800,0.000400055874030969,3.39787934845027,FALSE
chr2_89106922,89106922,0.000400055874030969,3.39787934845027,FALSE
chr2_89018427,89018427,0.000404636384856448,3.39293506810028,FALSE
chr2_89240472,89240472,0.000428053795039369,3.36850164822832,FALSE
chr2_89240910,89240910,0.000428053795039369,3.36850164822832,FALSE
chr2_89241087,89241087,0.000428053795039369,3.36850164822832,FALSE
chr2_89244990,89244990,0.000428053795039369,3.36850164822832,FALSE
chr2_89922710,89922710,0.000451837670072939,3.34501756442313,FALSE
chr2_89897119,89897119,0.000457928532783794,3.3392022954448,FALSE
chr2_89117198,89117198,0.000458210825388082,3.33893465466916,FALSE
chr2_89117273,89117273,0.000458210825388082,3.33893465466916,FALSE
chr2_89120128,89120128,0.000458210825388082,3.33893465466916,FALSE
chr2_89134169,89134169,0.000458210825388082,3.33893465466916,FALSE
chr2_89136875,89136875,0.000458210825388082,3.33893465466916,FALSE
chr2_88825618,88825618,0.000467637643334521,3.33009053678639,FALSE
chr2_88988632,88988632,0.00047307524239392,3.32506977943621,FALSE
chr2_89271921,89271921,0.000487440569373008,3.31207832758954,FALSE
chr2_89272330,89272330,0.000487440569373008,3.31207832758954,FALSE
chr2_89272762,89272762,0.000487440569373008,3.31207832758954,FALSE
chr2_89253052,89253052,0.00049158860300777,3.30839819435396,FALSE
chr2_88830496,88830496,0.000519595704422363,3.28433444796347,FALSE
chr2_89895578,89895578,0.00053109218932762,3.2748300856207,FALSE
chr2_89005239,89005239,0.000541654636101792,3.26627753531116,FALSE
chr2_89869901,89869901,0.000541918959381258,3.26606565465171,FALSE
chr2_89921429,89921429,0.000544645003395269,3.26388647625582,FALSE
chr2_89919282,89919282,0.000552676635327658,3.25752889503964,FALSE
chr2_89009328,89009328,0.000554666140217108,3.25596834496612,FALSE
chr2_89880672,89880672,0.00055884500319223,3.25270862787805,FALSE
chr2_88969681,88969681,0.000559457913802433,3.25223257846689,FALSE
chr2_88863446,88863446,0.000577833473207589,3.23819730359899,FALSE
chr2_88876887,88876887,0.000586671106366688,3.23160530032041,FALSE
chr2_88863373,88863373,0.000590033419116641,3.22912338949868,FALSE
chr2_88863436,88863436,0.000590033419116641,3.22912338949868,FALSE
chr2_88864955,88864955,0.000590033419116641,3.22912338949868,FALSE
chr2_88866214,88866214,0.000590033419116641,3.22912338949868,FALSE
chr2_89889907,89889907,0.0005962340782778,3.2245832051148,FALSE
chr2_89950897,89950897,0.000628325551877062,3.20181527863586,FALSE
chr2_89153919,89153919,0.000639169089906894,3.19438423558308,FALSE
chr2_89940984,89940984,0.000644986389237137,3.19044944992531,FALSE
chr2_89020337,89020337,0.000647068507318228,3.18904973668025,FALSE
chr2_88987066,88987066,0.000664094687388411,3.17776999400769,FALSE
chr2_89901006,89901006,0.00066578065396923,3.17666882857929,FALSE
chr2_88984236,88984236,0.000688568333863993,3.16205295366787,FALSE
chr2_88986058,88986058,0.000688568333863993,3.16205295366787,FALSE
chr2_88986360,88986360,0.000688568333863993,3.16205295366787,FALSE
chr2_88988390,88988390,0.000688568333863993,3.16205295366787,FALSE
chr2_88988478,88988478,0.000688568333863993,3.16205295366787,FALSE
chr2_88989783,88989783,0.000688568333863993,3.16205295366787,FALSE
chr2_88989953,88989953,0.000688568333863993,3.16205295366787,FALSE
chr2_88996256,88996256,0.000688568333863993,3.16205295366787,FALSE
chr2_89871989,89871989,0.00069812591381436,3.15606624106866,FALSE
chr2_89917569,89917569,0.000701312916589242,3.15408816231072,FALSE
chr2_89857018,89857018,0.000714856529705685,3.14578111149864,FALSE
chr2_89304565,89304565,0.000718972678137386,3.14328761303801,FALSE
chr2_89173102,89173102,0.000724003409811225,3.14025938841789,FALSE
chr2_90110039,90110039,0.000810655256881145,3.09116379667048,FALSE
chr2_88848375,88848375,0.000845232321791189,3.07302390382611,FALSE
chr2_89917432,89917432,0.000879978561219125,3.05552790836989,FALSE
chr2_89008945,89008945,0.000884862155698651,3.05312437866048,FALSE
chr2_89008990,89008990,0.000884862155698651,3.05312437866048,FALSE
chr2_89261550,89261550,0.000910028859407438,3.04094483484081,FALSE
chr2_90074568,90074568,0.000917701107346361,3.03729874425281,FALSE
chr2_90190754,90190754,0.000917701107346361,3.03729874425281,FALSE
chr2_88876493,88876493,0.000941182245090318,3.02632627415648,FALSE
chr2_89212966,89212966,0.000969441749659156,3.01347828102737,FALSE
chr2_89848978,89848978,0.00100140403758364,2.99939066189181,FALSE
chr2_89934447,89934447,0.00101210702743151,2.994773559665,FALSE
chr2_88947433,88947433,0.00101220864056833,2.99472995972124,FALSE
chr2_88855976,88855976,0.00103805661101415,2.98377896134243,FALSE
chr2_88993775,88993775,0.00103855335213782,2.98357118815739,FALSE
chr2_89879855,89879855,0.00107114896196947,2.97015012873605,FALSE
chr2_88963447,88963447,0.00109485969994486,2.96064152963081,FALSE
chr2_88964497,88964497,0.00109485969994486,2.96064152963081,FALSE
chr2_88967541,88967541,0.00109485969994486,2.96064152963081,FALSE
chr2_88967928,88967928,0.00109485969994486,2.96064152963081,FALSE
chr2_88968248,88968248,0.00109485969994486,2.96064152963081,FALSE
chr2_88968471,88968471,0.00109485969994486,2.96064152963081,FALSE
chr2_88969682,88969682,0.00109485969994486,2.96064152963081,FALSE
chr2_88969708,88969708,0.00109485969994486,2.96064152963081,FALSE
chr2_88983043,88983043,0.00109485969994486,2.96064152963081,FALSE
chr2_88986251,88986251,0.00109485969994486,2.96064152963081,FALSE
chr2_88986517,88986517,0.00109485969994486,2.96064152963081,FALSE
chr2_88987921,88987921,0.00109485969994486,2.96064152963081,FALSE
chr2_88989952,88989952,0.00109485969994486,2.96064152963081,FALSE
chr2_88994002,88994002,0.00109485969994486,2.96064152963081,FALSE
chr2_88949539,88949539,0.00109898639054433,2.95900768569125,FALSE
chr2_88952404,88952404,0.00109898639054433,2.95900768569125,FALSE
chr2_88958027,88958027,0.00109898639054433,2.95900768569125,FALSE
chr2_88804390,88804390,0.00110508755225648,2.95660331296928,FALSE
chr2_89184312,89184312,0.00115663104017125,2.93680515684117,FALSE
chr2_89186851,89186851,0.00115663104017125,2.93680515684117,FALSE
chr2_89187139,89187139,0.00115663104017125,2.93680515684117,FALSE
chr2_89194539,89194539,0.00115663104017125,2.93680515684117,FALSE
chr2_89198997,89198997,0.00115663104017125,2.93680515684117,FALSE
chr2_89204510,89204510,0.00115663104017125,2.93680515684117,FALSE
chr2_89210125,89210125,0.00115663104017125,2.93680515684117,FALSE
chr2_88839269,88839269,0.00117063374530303,2.93157896084061,FALSE
chr2_89268710,89268710,0.00123791028528277,2.90731082867492,FALSE
chr2_89908860,89908860,0.0012536399851464,2.90182716439245,FALSE
chr2_89908862,89908862,0.0012536399851464,2.90182716439245,FALSE
chr2_88816884,88816884,0.00125468177278181,2.90146641111512,FALSE
chr2_89175032,89175032,0.00127569803237122,2.89425211432562,FALSE
chr2_89290468,89290468,0.00127919906431733,2.89306186693065,FALSE
chr2_88834600,88834600,0.00128023265440952,2.89271109961406,FALSE
chr2_89860910,89860910,0.0013700377587972,2.8632674633463,FALSE
chr2_89153198,89153198,0.00139518063451853,2.85536956049358,FALSE
chr2_90028457,90028457,0.00141322481813519,2.84978874437297,FALSE
chr2_90069574,90069574,0.00145190053104466,2.83806313590738,FALSE
chr2_90123336,90123336,0.00145190053104466,2.83806313590738,FALSE
chr2_89326717,89326717,0.00146903941359594,2.83296655214875,FALSE
chr2_88926279,88926279,0.00159279976466508,2.79783881714731,FALSE
chr2_88938905,88938905,0.00159279976466508,2.79783881714731,FALSE
chr2_89320952,89320952,0.00166425640497574,2.77877976296859,FALSE
chr2_89266858,89266858,0.00178285745068512,2.74888337968261,FALSE
chr2_89961351,89961351,0.00186155137539915,2.73012497355009,FALSE
chr2_89905661,89905661,0.00189309878076993,2.72282672421685,FALSE
chr2_88863670,88863670,0.00190525347561252,2.72004723744939,FALSE
chr2_89288909,89288909,0.0019119723960749,2.71851838210118,FALSE
chr2_88854554,88854554,0.00192636353858314,2.71526175049183,FALSE
chr2_88877636,88877636,0.00193056670745498,2.71431518747216,FALSE
chr2_88987072,88987072,0.00198572578186145,2.7020807254514,FALSE
chr2_89969433,89969433,0.00207624112213442,2.6827222115502,FALSE
chr2_89983659,89983659,0.00208514885816385,2.68086293542812,FALSE
chr2_89325588,89325588,0.00208600494143189,2.68068466712998,FALSE
chr2_89939155,89939155,0.00211428333478345,2.67483681339207,FALSE
chr2_89961322,89961322,0.00211428333478345,2.67483681339207,FALSE
chr2_89962678,89962678,0.00211428333478345,2.67483681339207,FALSE
chr2_89962789,89962789,0.00211428333478345,2.67483681339207,FALSE
chr2_89286557,89286557,0.00219864492528292,2.65784490226341,FALSE
chr2_89286906,89286906,0.00219864492528292,2.65784490226341,FALSE
chr2_89927456,89927456,0.00221685009069205,2.65426367404224,FALSE
chr2_90051345,90051345,0.00228227279606347,2.64163244635765,FALSE
chr2_88863996,88863996,0.00228999816687766,2.64016486530869,FALSE
chr2_88865523,88865523,0.00233181455621457,2.63230599096924,FALSE
chr2_89878475,89878475,0.0024572981595496,2.60954214462251,FALSE
chr2_89878523,89878523,0.0024572981595496,2.60954214462251,FALSE
chr2_89878527,89878527,0.0024572981595496,2.60954214462251,FALSE
chr2_89878529,89878529,0.0024572981595496,2.60954214462251,FALSE
chr2_89878530,89878530,0.0024572981595496,2.60954214462251,FALSE
chr2_89878531,89878531,0.0024572981595496,2.60954214462251,FALSE
chr2_89156111,89156111,0.00264501587805055,2.57757171654787,FALSE
chr2_89159873,89159873,0.00264501587805055,2.57757171654787,FALSE
chr2_89168469,89168469,0.00264501587805055,2.57757171654787,FALSE
chr2_89168976,89168976,0.00264501587805055,2.57757171654787,FALSE
chr2_89855245,89855245,0.00285685347883185,2.54411203296923,FALSE
chr2_88829115,88829115,0.00286791267835234,2.54243407611688,FALSE
chr2_88829551,88829551,0.00286791267835234,2.54243407611688,FALSE
chr2_89917460,89917460,0.00293704067980229,2.53209003819245,FALSE
chr2_89917597,89917597,0.00304055111044503,2.51704769187384,FALSE
chr2_89310616,89310616,0.00306247291543028,2.51392774351923,FALSE
chr2_88983068,88983068,0.00307794183230926,2.51173959182937,FALSE
chr2_89966949,89966949,0.00312928444734161,2.50455495833154,FALSE
chr2_89312415,89312415,0.00316246281262626,2.49997457265128,FALSE
chr2_89284147,89284147,0.00324593428866188,2.4886602763645,FALSE
chr2_89947202,89947202,0.00325710661975769,2.48716802478958,FALSE
chr2_89860868,89860868,0.00332294494348075,2.47847685430979,FALSE
chr2_88831150,88831150,0.0033722467208729,2.47208065896013,FALSE
chr2_90035342,90035342,0.00362183289610529,2.44107159101078,FALSE
chr2_89264705,89264705,0.00366411211277548,2.43603124646302,FALSE
chr2_88825975,88825975,0.00380279667652626,2.41989689431581,FALSE
chr2_89053111,89053111,0.00390666583533041,2.4081937354552,FALSE
chr2_89023738,89023738,0.0039670786900341,2.40152918487784,FALSE
chr2_89271477,89271477,0.00414148598973902,2.38284380348031,FALSE
chr2_89271660,89271660,0.00414148598973902,2.38284380348031,FALSE
chr2_89900696,89900696,0.00430225046327762,2.36630430997527,FALSE
chr2_89283406,89283406,0.00433725173535269,2.36278537054162,FALSE
chr2_88853736,88853736,0.00454010500631646,2.34293410239919,FALSE
chr2_90139273,90139273,0.00457220628380106,2.33987418381142,FALSE
chr2_89884080,89884080,0.00474682901009101,2.32359641212226,FALSE
chr2_90027861,90027861,0.00487002812509737,2.31246853066641,FALSE
chr2_89269760,89269760,0.00489325551813753,2.31040210547044,FALSE
chr2_89270147,89270147,0.00489325551813753,2.31040210547044,FALSE
chr2_88859668,88859668,0.00490415709851681,2.30943562618822,FALSE
chr2_88805183,88805183,0.00494033915342815,2.30624323581189,FALSE
chr2_88811341,88811341,0.00494033915342815,2.30624323581189,FALSE
chr2_89292571,89292571,0.00508877009725596,2.29338716943492,FALSE
chr2_89846104,89846104,0.00509156641453584,2.29314858690998,FALSE
chr2_89326016,89326016,0.00511531972023724,2.29112721661548,FALSE
chr2_89878493,89878493,0.00523318594919418,2.2812338333333,FALSE
chr2_89154066,89154066,0.00525307995675353,2.2795859887814,FALSE
chr2_90038664,90038664,0.0053022042735215,2.2755435445859,FALSE
chr2_89260954,89260954,0.00541391907840079,2.26648823989663,FALSE
chr2_88819106,88819106,0.00566539029687902,2.24677016559899,FALSE
chr2_89273034,89273034,0.00567349362602073,2.24614942871618,FALSE
chr2_89273563,89273563,0.00567349362602074,2.24614942871618,FALSE
chr2_89273106,89273106,0.00576553124607056,2.23916066987712,FALSE
chr2_89288762,89288762,0.00580556383129484,2.23615559557589,FALSE
chr2_89262783,89262783,0.00583168129033757,2.23420621885159,FALSE
chr2_89262907,89262907,0.00583168129033757,2.23420621885159,FALSE
chr2_89870190,89870190,0.00587488704778347,2.23100047884277,FALSE
chr2_88882729,88882729,0.00589952662729317,2.22918283435822,FALSE
chr2_89896606,89896606,0.00594899546526319,2.22555636212427,FALSE
chr2_89271677,89271677,0.00596748332384635,2.22420878595701,FALSE
chr2_90117507,90117507,0.00600571927395199,2.22143497194106,FALSE
chr2_88857162,88857162,0.00602836825289245,2.21980022594695,FALSE
chr2_89920739,89920739,0.00609258601991177,2.21519833038956,FALSE
chr2_89270285,89270285,0.00611879421223919,2.21333415278339,FALSE
chr2_89270383,89270383,0.00611879421223919,2.21333415278339,FALSE
chr2_89270386,89270386,0.00611879421223919,2.21333415278339,FALSE
chr2_89270426,89270426,0.00611879421223919,2.21333415278339,FALSE
chr2_89270489,89270489,0.00611879421223919,2.21333415278339,FALSE
chr2_89270788,89270788,0.00611879421223919,2.21333415278339,FALSE
chr2_89270879,89270879,0.00611879421223919,2.21333415278339,FALSE
chr2_89921087,89921087,0.00621645590662378,2.20645714245837,FALSE
chr2_89921126,89921126,0.00621645590662378,2.20645714245837,FALSE
chr2_89921447,89921447,0.00621645590662378,2.20645714245837,FALSE
chr2_89270249,89270249,0.00631598808402923,2.19955869801859,FALSE
chr2_89316752,89316752,0.00651256964363704,2.18624761944128,FALSE
chr2_89925665,89925665,0.00660694403484316,2.1799993719357,FALSE
chr2_90112812,90112812,0.00698603570710776,2.15576919892164,FALSE
chr2_90152217,90152217,0.00698603570710776,2.15576919892164,FALSE
chr2_89931711,89931711,0.0070991102170288,2.14879608114717,FALSE
chr2_89260212,89260212,0.00746439914382471,2.12700514561126,FALSE
chr2_89269244,89269244,0.00755354196589202,2.1218493535986,FALSE
chr2_89909125,89909125,0.00764802637398092,2.11645062307837,FALSE
chr2_89263864,89263864,0.0077563565305415,2.11034223625036,FALSE
chr2_88812955,88812955,0.00788288180915542,2.1033149849196,FALSE
chr2_88814622,88814622,0.00788288180915542,2.1033149849196,FALSE
chr2_89017320,89017320,0.0080435964650166,2.09454972542146,FALSE
chr2_89273124,89273124,0.00828566930042231,2.08167240435511,FALSE
chr2_89273128,89273128,0.00828566930042231,2.08167240435511,FALSE
chr2_89910625,89910625,0.00834312607814512,2.07867119347371,FALSE
chr2_89179908,89179908,0.00845492952393466,2.07289000811282,FALSE
chr2_89910216,89910216,0.00868890998195935,2.06103470209128,FALSE
chr2_89270902,89270902,0.00871672076634859,2.05964686609146,FALSE
chr2_88855534,88855534,0.00885069876734226,2.05302244016986,FALSE
chr2_89868616,89868616,0.00919268502339803,2.0365576202209,FALSE
chr2_88828441,88828441,0.00924928850913528,2.03389167357889,FALSE
chr2_89879621,89879621,0.00938514880695287,2.02755883699829,FALSE
chr2_88934148,88934148,0.00951859630536497,2.02142709171865,FALSE
chr2_88939773,88939773,0.00951859630536497,2.02142709171865,FALSE
chr2_88943665,88943665,0.00951859630536497,2.02142709171865,FALSE
chr2_88943995,88943995,0.00951859630536497,2.02142709171865,FALSE
chr2_88946309,88946309,0.00951859630536497,2.02142709171865,FALSE
chr2_88947424,88947424,0.00951859630536497,2.02142709171865,FALSE
chr2_88947430,88947430,0.00951859630536497,2.02142709171865,FALSE
chr2_88947433_2,88947433,0.00951859630536497,2.02142709171865,FALSE
chr2_88947436,88947436,0.00951859630536497,2.02142709171865,FALSE
chr2_88947438,88947438,0.00951859630536497,2.02142709171865,FALSE
chr2_88947792,88947792,0.00951859630536497,2.02142709171865,FALSE
chr2_88948138,88948138,0.00951859630536497,2.02142709171865,FALSE
chr2_88950797,88950797,0.00951859630536497,2.02142709171865,FALSE
chr2_88954346,88954346,0.00951859630536497,2.02142709171865,FALSE
chr2_88883133,88883133,0.00956296558471727,2.01940740716368,FALSE
chr2_88884825,88884825,0.00956296558471727,2.01940740716368,FALSE
chr2_88886258,88886258,0.00956296558471727,2.01940740716368,FALSE
chr2_88891201,88891201,0.00956296558471727,2.01940740716368,FALSE
chr2_88891202,88891202,0.00956296558471727,2.01940740716368,FALSE
chr2_88891760,88891760,0.00956296558471727,2.01940740716368,FALSE
chr2_88893426,88893426,0.00956296558471727,2.01940740716368,FALSE
chr2_88879259,88879259,0.00956672669979977,2.01923663269195,FALSE
chr2_88872708,88872708,0.00975345901530994,2.01084133662443,FALSE
chr2_88975438,88975438,0.0101349461796439,1.99417855323104,FALSE
chr2_88975439,88975439,0.0101349461796439,1.99417855323104,FALSE
chr2_89897959,89897959,0.010153843213654,1.99336954685722,FALSE
chr2_89921904,89921904,0.010544456388337,1.9769758050787,FALSE
chr2_89920825,89920825,0.010652623718478,1.9725434132467,FALSE
chr2_89920410,89920410,0.0107986009480828,1.96663250746544,FALSE
chr2_89920443,89920443,0.0107986009480828,1.96663250746544,FALSE
chr2_89865750,89865750,0.0114954317594658,1.93947471232579,FALSE
chr2_89902585,89902585,0.0116406747452831,1.93402184531671,FALSE
chr2_88861557,88861557,0.0119537515872281,1.92249577354977,FALSE
chr2_89273679,89273679,0.0124371111209982,1.90528048539355,FALSE
chr2_89260480,89260480,0.0129646476631697,1.88723928144152,FALSE
chr2_89878525,89878525,0.0131457922143176,1.88121323656869,FALSE
chr2_88826703,88826703,0.013500046036756,1.86966475050685,FALSE
chr2_88848716,88848716,0.0137351750425602,1.86216580151218,FALSE
chr2_89272981,89272981,0.0139416227104012,1.85568667436152,FALSE
chr2_88884793,88884793,0.014342162061887,1.84338537441654,FALSE
chr2_88887477,88887477,0.014342162061887,1.84338537441654,FALSE
chr2_88890270,88890270,0.014342162061887,1.84338537441654,FALSE
chr2_88890981,88890981,0.014342162061887,1.84338537441654,FALSE
chr2_88894272,88894272,0.014342162061887,1.84338537441654,FALSE
chr2_88902741,88902741,0.014342162061887,1.84338537441654,FALSE
chr2_88914901,88914901,0.014342162061887,1.84338537441654,FALSE
chr2_88922397,88922397,0.014342162061887,1.84338537441654,FALSE
chr2_88870918,88870918,0.0144108696297835,1.84130981071824,FALSE
chr2_89920671,89920671,0.0144152195304381,1.84117873932281,FALSE
chr2_88824549,88824549,0.0147658054680825,1.83074285748303,FALSE
chr2_88824725,88824725,0.0147658054680825,1.83074285748303,FALSE
chr2_89909784,89909784,0.0151631575854954,1.81921035152953,FALSE
chr2_89212995,89212995,0.0154517589881222,1.81102207446877,FALSE
chr2_88854175,88854175,0.0157078622570565,1.80388291573257,FALSE
chr2_89212821,89212821,0.0160159313607967,1.79544780110921,FALSE
chr2_89866129,89866129,0.016456732642333,1.78365638639357,FALSE
chr2_89906377,89906377,0.0166275434377256,1.77917190894322,FALSE
chr2_90226525,90226525,0.0169404980984835,1.77107382433338,FALSE
chr2_89272515,89272515,0.0174104240306181,1.75919065151822,FALSE
chr2_89272532,89272532,0.0174104240306181,1.75919065151822,FALSE
chr2_89272638,89272638,0.0174104240306181,1.75919065151822,FALSE
chr2_88976903,88976903,0.0179722121302069,1.74539846396981,FALSE
chr2_89298458,89298458,0.0181446383778463,1.74125168285449,FALSE
chr2_90065136,90065136,0.0190239092660447,1.72070023407474,FALSE
chr2_88849521,88849521,0.0201791102647566,1.69509798654436,FALSE
chr2_88849802,88849802,0.0201791102647566,1.69509798654436,FALSE
chr2_88855466,88855466,0.0203393170935039,1.69166363290304,FALSE
chr2_88978584,88978584,0.020370484995317,1.69099863087797,FALSE
chr2_89920369,89920369,0.0204845317093887,1.68857395987062,FALSE
chr2_88895633,88895633,0.0207996904116857,1.68194312914768,FALSE
chr2_88834552,88834552,0.0217119237963342,1.66330169395155,FALSE
chr2_88854113,88854113,0.022339335113402,1.65092975695352,FALSE
chr2_89865017,89865017,0.0227570290426476,1.64288443624022,FALSE
chr2_90188558,90188558,0.0231257479141972,1.63590421276163,FALSE
chr2_89882839,89882839,0.0235547362908406,1.62792175358129,FALSE
chr2_89299640,89299640,0.0235653991740469,1.62772519933241,FALSE
chr2_89308976,89308976,0.0242532024138558,1.61523090865587,FALSE
chr2_89213369,89213369,0.024257631833704,1.61515159966714,FALSE
chr2_89275706,89275706,0.0262786253139492,1.5803973573079,FALSE
chr2_88966897,88966897,0.0270644751778403,1.56760039013501,FALSE
chr2_89323605,89323605,0.0270712530306021,1.56749164184007,FALSE
chr2_89871794,89871794,0.0270712530306021,1.56749164184007,FALSE
chr2_89879828,89879828,0.0270712530306021,1.56749164184007,FALSE
chr2_89952862,89952862,0.0270712530306021,1.56749164184007,FALSE
chr2_89979184,89979184,0.0270712530306021,1.56749164184007,FALSE
chr2_90060023,90060023,0.0270712530306021,1.56749164184007,FALSE
chr2_89265260,89265260,0.0274294144481224,1.5617834634368,FALSE
chr2_89176347,89176347,0.0284947152821852,1.5452356781179,FALSE
chr2_89178485,89178485,0.0284947152821852,1.5452356781179,FALSE
chr2_89180425,89180425,0.0284947152821852,1.5452356781179,FALSE
chr2_89182352,89182352,0.0284947152821852,1.5452356781179,FALSE
chr2_89184234,89184234,0.0284947152821852,1.5452356781179,FALSE
chr2_89194131,89194131,0.0284947152821852,1.5452356781179,FALSE
chr2_89195887,89195887,0.0284947152821852,1.5452356781179,FALSE
chr2_89197446,89197446,0.0284947152821852,1.5452356781179,FALSE
chr2_89197805,89197805,0.0284947152821852,1.5452356781179,FALSE
chr2_89203199,89203199,0.0284947152821852,1.5452356781179,FALSE
chr2_89211164,89211164,0.0284947152821852,1.5452356781179,FALSE
chr2_90009781,90009781,0.0291190876621472,1.53582223614135,FALSE
chr2_88862420,88862420,0.030110846263141,1.52127703850093,FALSE
chr2_90027643,90027643,0.0304858499409167,1.51590169240836,FALSE
chr2_89915688,89915688,0.0310536488052866,1.50788736286585,FALSE
chr2_90019246,90019246,0.0316526908026785,1.49958936460137,FALSE
chr2_89268401,89268401,0.0321324919044049,1.49305559320454,FALSE
chr2_89120551,89120551,0.0335830995428928,1.47387922325892,FALSE
chr2_88857435,88857435,0.0337810578028201,1.47132675527611,FALSE
chr2_88857769,88857769,0.0337810578028201,1.47132675527611,FALSE
chr2_89897155,89897155,0.0341094941968583,1.46712472061436,FALSE
chr2_89897181,89897181,0.0341094941968583,1.46712472061436,FALSE
chr2_89897875,89897875,0.0341094941968583,1.46712472061436,FALSE
chr2_89265461,89265461,0.0342103768453143,1.46584214180619,FALSE
chr2_89929047,89929047,0.0346201855499589,1.46067060881454,FALSE
chr2_89018066,89018066,0.0365640248981502,1.43694600399823,FALSE
chr2_89018302,89018302,0.0365640248981502,1.43694600399823,FALSE
chr2_89918033,89918033,0.0366147395349009,1.43634405094288,FALSE
chr2_88921507,88921507,0.0369059737022759,1.43290333205342,FALSE
chr2_88927032,88927032,0.0375274239596091,1.42565124636561,FALSE
chr2_89006932,89006932,0.0375274239596091,1.42565124636561,FALSE
chr2_89268754,89268754,0.0378157083276494,1.42232776040318,FALSE
chr2_89238745,89238745,0.0378329312162707,1.42213000917685,FALSE
chr2_89879471,89879471,0.0378341218987002,1.42211634122528,FALSE
chr2_89005965,89005965,0.0383724768576392,1.41598016715853,FALSE
chr2_88977004,88977004,0.0394659820592828,1.40377708587468,FALSE
chr2_88977065,88977065,0.0394659820592828,1.40377708587468,FALSE
chr2_89291779,89291779,0.0396135078632551,1.4021566981612,FALSE
chr2_89019227,89019227,0.040940051946028,1.38785161062664,FALSE
chr2_89263488,89263488,0.0419258275441233,1.37751835640705,FALSE
chr2_89263546,89263546,0.0419258275441233,1.37751835640705,FALSE
chr2_89262190,89262190,0.0422328979182529,1.37434911732655,FALSE
chr2_88877101,88877101,0.0431342579591578,1.36517766875199,FALSE
chr2_89922172,89922172,0.0436026652471938,1.36048696332839,FALSE
chr2_89958847,89958847,0.0438384855472284,1.35814445748542,FALSE
chr2_89994535,89994535,0.0443441222737934,1.35316393689709,FALSE
chr2_89264871,89264871,0.0447945794783786,1.34877453611473,FALSE
chr2_89021090,89021090,0.0448926826672223,1.34782444154065,FALSE
chr2_89917765,89917765,0.0450353513475856,1.34644644471722,FALSE
chr2_88862035,88862035,0.0454082833307941,1.34286491637818,FALSE
chr2_89865140,89865140,0.0468372766260685,1.32940836510812,FALSE
chr2_90163448,90163448,0.0469124327197465,1.32871204542914,FALSE
chr2_88922389,88922389,0.0476526195139118,1.32191322075141,FALSE
chr2_90188591,90188591,0.0480583360822439,1.31823126979532,FALSE
chr2_89161394,89161394,0.048191014546816,1.31703393056856,FALSE
chr2_89164046,89164046,0.048191014546816,1.31703393056856,FALSE
chr2_89164194,89164194,0.048191014546816,1.31703393056856,FALSE
chr2_89168437,89168437,0.048191014546816,1.31703393056856,FALSE
chr2_89171785,89171785,0.048191014546816,1.31703393056856,FALSE
chr2_89082737,89082737,0.0485570436290469,1.31374776292696,FALSE
chr2_89151967,89151967,0.0485570436290469,1.31374776292696,FALSE
chr2_89180232,89180232,0.0485570436290469,1.31374776292696,FALSE
chr2_89203285,89203285,0.0485570436290469,1.31374776292696,FALSE
chr2_89898248,89898248,0.0505831302488739,1.29599429860276,FALSE
chr2_89276885,89276885,0.0506477607046825,1.29543975139153,FALSE
chr2_88895009,88895009,0.0507120456756892,1.29488887007243,FALSE
chr2_88907711,88907711,0.0507120456756892,1.29488887007243,FALSE
chr2_88908658,88908658,0.0507120456756892,1.29488887007243,FALSE
chr2_89163042,89163042,0.0516299872973662,1.28709798180314,FALSE
chr2_89927709,89927709,0.0522783171376337,1.28167840099973,FALSE
chr2_89883112,89883112,0.0527264040459881,1.27797184665142,FALSE
chr2_88851957,88851957,0.0527864034837281,1.27747792694354,FALSE
chr2_90188594,90188594,0.0528541558898583,1.27692085870523,FALSE
chr2_88864702,88864702,0.0541103857900962,1.2667193696728,FALSE
chr2_88867816,88867816,0.0542777988640939,1.26537777266596,FALSE
chr2_88799029,88799029,0.0543169902241285,1.26506430288932,FALSE
chr2_89154993,89154993,0.0561130253334731,1.25093631568055,FALSE
chr2_90050505,90050505,0.0563932029660224,1.24877323807763,FALSE
chr2_90006053,90006053,0.0577398380502328,1.2385244385708,FALSE
chr2_89880372,89880372,0.0587307280086954,1.23113461573801,FALSE
chr2_89041722,89041722,0.0598321929719799,1.22306507908715,FALSE
chr2_89022255,89022255,0.0599888032742675,1.2219298017826,FALSE
chr2_89884186,89884186,0.0600357893978323,1.22158977454688,FALSE
chr2_89281490,89281490,0.0609886098076228,1.21475126596611,FALSE
chr2_90033783,90033783,0.0610473836192127,1.21433294439867,FALSE
chr2_89969363,89969363,0.0610820346106056,1.21408650525278,FALSE
chr2_89892016,89892016,0.0612701515856629,1.21275104519872,FALSE
chr2_89885600,89885600,0.0616546853814915,1.21003391407218,FALSE
chr2_89885856,89885856,0.0616546853814915,1.21003391407218,FALSE
chr2_89885921,89885921,0.0616546853814915,1.21003391407218,FALSE
chr2_89886222,89886222,0.0616546853814915,1.21003391407218,FALSE
chr2_89860908,89860908,0.0620784735039481,1.20705897082466,FALSE
chr2_89843420,89843420,0.0623427733934491,1.20521388151571,FALSE
chr2_88938295,88938295,0.0629993032657233,1.20066425355475,FALSE
chr2_88942171,88942171,0.0629993032657233,1.20066425355475,FALSE
chr2_88954376,88954376,0.0629993032657233,1.20066425355475,FALSE
chr2_88966198,88966198,0.0629993032657233,1.20066425355475,FALSE
chr2_88968574,88968574,0.0629993032657233,1.20066425355475,FALSE
chr2_88973562,88973562,0.0629993032657233,1.20066425355475,FALSE
chr2_88974945,88974945,0.0629993032657233,1.20066425355475,FALSE
chr2_88980030,88980030,0.0629993032657233,1.20066425355475,FALSE
chr2_88982161,88982161,0.0629993032657233,1.20066425355475,FALSE
chr2_88991103,88991103,0.0629993032657233,1.20066425355475,FALSE
chr2_88991583,88991583,0.0629993032657233,1.20066425355475,FALSE
chr2_88992682,88992682,0.0629993032657233,1.20066425355475,FALSE
chr2_88993718,88993718,0.0629993032657233,1.20066425355475,FALSE
chr2_89214013,89214013,0.0630834985227858,1.2000842293094,FALSE
chr2_89277629,89277629,0.0636572619976758,1.19615204502499,FALSE
chr2_89154359,89154359,0.0640712805304685,1.19333659609931,FALSE
chr2_89156191,89156191,0.0640712805304685,1.19333659609931,FALSE
chr2_89156591,89156591,0.0640712805304685,1.19333659609931,FALSE
chr2_89160700,89160700,0.0640712805304685,1.19333659609931,FALSE
chr2_89165300,89165300,0.0640712805304685,1.19333659609931,FALSE
chr2_89263959,89263959,0.0653839568037423,1.18452880100811,FALSE
chr2_89857323,89857323,0.0655857492386314,1.1831905157976,FALSE
chr2_89243603,89243603,0.0658000206215048,1.1817739702796,FALSE
chr2_89251665,89251665,0.0658000206215048,1.1817739702796,FALSE
chr2_89915271,89915271,0.0658132224275221,1.1816868442216,FALSE
chr2_89125148,89125148,0.0658968687555473,1.18113522143779,FALSE
chr2_89225084,89225084,0.0659359847158645,1.18087750349008,FALSE
chr2_89960266,89960266,0.0659683920240522,1.18066410169478,FALSE
chr2_89156439,89156439,0.0670920700867461,1.17332880801411,FALSE
chr2_90188592,90188592,0.0691422544875487,1.16025646373577,FALSE
chr2_89914894,89914894,0.0695625060609013,1.15762478048164,FALSE
chr2_89999269,89999269,0.0699263674958243,1.15535903171248,FALSE
chr2_88804040,88804040,0.0704381494008539,1.15219206263598,FALSE
chr2_89266621,89266621,0.0716140215298222,1.14500193751264,FALSE
chr2_89108033,89108033,0.072790799439791,1.13792351086615,FALSE
chr2_88938376,88938376,0.0733808066693311,1.13441751838937,FALSE
chr2_89923512,89923512,0.0738892978303295,1.13141846052017,FALSE
chr2_89233791,89233791,0.074948865559658,1.12523493633017,FALSE
chr2_89234329,89234329,0.074948865559658,1.12523493633017,FALSE
chr2_89237792,89237792,0.074948865559658,1.12523493633017,FALSE
chr2_89313221,89313221,0.0797617784649505,1.09820517103412,FALSE
chr2_89313690,89313690,0.0797617784649505,1.09820517103412,FALSE
chr2_89316475,89316475,0.0797617784649505,1.09820517103412,FALSE
chr2_89316854,89316854,0.0797617784649505,1.09820517103412,FALSE
chr2_89035912,89035912,0.0801407898025992,1.0961463818282,FALSE
chr2_89886533,89886533,0.0817219155344871,1.08766146220225,FALSE
chr2_89246751,89246751,0.0824408821711499,1.08385736963406,FALSE
chr2_89247048,89247048,0.0824408821711499,1.08385736963406,FALSE
chr2_89265230,89265230,0.0844244219718484,1.07353190416363,FALSE
chr2_89090347,89090347,0.0848452771222639,1.07137232749864,FALSE
chr2_89879077,89879077,0.0856168503125035,1.06744075310835,FALSE
chr2_89879589,89879589,0.0856168503125035,1.06744075310835,FALSE
chr2_89879637,89879637,0.0856168503125035,1.06744075310835,FALSE
chr2_89880426,89880426,0.0856168503125035,1.06744075310835,FALSE
chr2_89881001,89881001,0.0856168503125035,1.06744075310835,FALSE
chr2_89882380,89882380,0.0856168503125035,1.06744075310835,FALSE
chr2_89882672,89882672,0.0856168503125035,1.06744075310835,FALSE
chr2_89882758,89882758,0.0856168503125035,1.06744075310835,FALSE
chr2_89882780,89882780,0.0856168503125035,1.06744075310835,FALSE
chr2_89882884,89882884,0.0856168503125035,1.06744075310835,FALSE
chr2_89882915,89882915,0.0856168503125035,1.06744075310835,FALSE
chr2_89883406,89883406,0.0856168503125035,1.06744075310835,FALSE
chr2_89883690,89883690,0.0856168503125035,1.06744075310835,FALSE
chr2_89883704,89883704,0.0856168503125035,1.06744075310835,FALSE
chr2_89884170,89884170,0.0856168503125035,1.06744075310835,FALSE
chr2_89884263,89884263,0.0856168503125035,1.06744075310835,FALSE
chr2_89300476,89300476,0.0859085674236837,1.06596352302217,FALSE
chr2_89224218,89224218,0.0860572690916813,1.06521243976905,FALSE
chr2_89225133,89225133,0.0860572690916813,1.06521243976905,FALSE
chr2_89226309,89226309,0.0860572690916813,1.06521243976905,FALSE
chr2_89271230,89271230,0.0862581471985,1.06419987461703,FALSE
chr2_89254885,89254885,0.0873262658056225,1.05885511048948,FALSE
chr2_89947357,89947357,0.0903569686300939,1.04403834757578,FALSE
chr2_89273421,89273421,0.0903729639534668,1.0439614739711,FALSE
chr2_89881462,89881462,0.0917450964706604,1.03741713833084,FALSE
chr2_89257185,89257185,0.0919958143065403,1.03623193205582,FALSE
chr2_89239935,89239935,0.0920247096713485,1.0360955440343,FALSE
chr2_90134323,90134323,0.092338691355223,1.03461628466069,FALSE
chr2_89212809,89212809,0.092652906735624,1.03314095131066,FALSE
chr2_89022587,89022587,0.093618705290352,1.02863736928787,FALSE
chr2_89248380,89248380,0.0944189254387174,1.02494094648781,FALSE
chr2_89162954,89162954,0.0950052516385783,1.02225238739939,FALSE
chr2_89878996,89878996,0.0988075337196732,1.00520994075503,FALSE
chr2_88861810,88861810,0.10094780280134,0.995903129336868,FALSE
chr2_89887155,89887155,0.102184853679514,0.990613472605343,FALSE
chr2_89267275,89267275,0.102763161416512,0.988162543519874,FALSE
chr2_89285882,89285882,0.102885968156278,0.987643851358409,FALSE
chr2_89051691,89051691,0.104214240139211,0.982072933710838,FALSE
chr2_89059890,89059890,0.104214240139211,0.982072933710838,FALSE
chr2_89086906,89086906,0.104214240139211,0.982072933710838,FALSE
chr2_89093600,89093600,0.104214240139211,0.982072933710838,FALSE
chr2_89095521,89095521,0.104214240139211,0.982072933710838,FALSE
chr2_89105804,89105804,0.104214240139211,0.982072933710838,FALSE
chr2_89276169,89276169,0.105498436716239,0.976753975726871,FALSE
chr2_89071798,89071798,0.105854245186298,0.975291720318029,FALSE
chr2_89949141,89949141,0.110306431563611,0.957399164702564,FALSE
chr2_88853932,88853932,0.11042198524393,0.956944449074764,FALSE
chr2_89885315,89885315,0.112022630707531,0.950694232699692,FALSE
chr2_89260710,89260710,0.115374293607265,0.937890944977136,FALSE
chr2_89241606,89241606,0.115507717800066,0.93738899684542,FALSE
chr2_89243978,89243978,0.115507717800066,0.93738899684542,FALSE
chr2_89056090,89056090,0.115648866674536,0.936858618832893,FALSE
chr2_89247409,89247409,0.116651715792573,0.933108868925383,FALSE
chr2_89251985,89251985,0.116651715792573,0.933108868925383,FALSE
chr2_89252859,89252859,0.116651715792573,0.933108868925383,FALSE
chr2_88860182,88860182,0.117146339380487,0.931271277802771,FALSE
chr2_88810258,88810258,0.118341704683779,0.926862179106442,FALSE
chr2_89882314,89882314,0.118560620040312,0.926059538114901,FALSE
chr2_90055134,90055134,0.118560620040312,0.926059538114901,FALSE
chr2_90064053,90064053,0.118560620040312,0.926059538114901,FALSE
chr2_90078310,90078310,0.118560620040312,0.926059538114901,FALSE
chr2_88849123,88849123,0.124801032318541,0.903781822278661,FALSE
chr2_89866748,89866748,0.125125705384518,0.902653461211003,FALSE
chr2_88867122,88867122,0.125583301235589,0.901068104733987,FALSE
chr2_89899820,89899820,0.133786658486657,0.873587193253685,FALSE
chr2_89323028,89323028,0.136019760746332,0.866397993396904,FALSE
chr2_89317587,89317587,0.13733011520063,0.862234215630585,FALSE
chr2_89882003,89882003,0.139424475759869,0.855660979793361,FALSE
chr2_89917488,89917488,0.139906777595253,0.85416124618779,FALSE
chr2_89854478,89854478,0.14018693022165,0.853292474223889,FALSE
chr2_89870027,89870027,0.140920092531815,0.851027080321598,FALSE
chr2_89871154,89871154,0.141899216483192,0.848020002554968,FALSE
chr2_89871230,89871230,0.141899216483192,0.848020002554968,FALSE
chr2_89303951,89303951,0.142248460515006,0.846952425062634,FALSE
chr2_89325968,89325968,0.145241711191223,0.837908643010813,FALSE
chr2_89896728,89896728,0.146979440493548,0.832743410181486,FALSE
chr2_89917086,89917086,0.150803842422485,0.821587592672989,FALSE
chr2_90218071,90218071,0.152515863482525,0.816684982122962,FALSE
chr2_89068512,89068512,0.155408125446144,0.808526278043665,FALSE
chr2_89093031,89093031,0.155408125446144,0.808526278043665,FALSE
chr2_89909908,89909908,0.156076432299362,0.806662670897041,FALSE
chr2_89910014,89910014,0.156076432299362,0.806662670897041,FALSE
chr2_89910031,89910031,0.156076432299362,0.806662670897041,FALSE
chr2_89917741,89917741,0.157174499397091,0.803617914209377,FALSE
chr2_89244339,89244339,0.160937550688794,0.793342612493565,FALSE
chr2_89281540,89281540,0.162820604458191,0.788290637307539,FALSE
chr2_88800698,88800698,0.16341946556076,0.786696214130881,FALSE
chr2_89860907,89860907,0.163966683355024,0.785244387958293,FALSE
chr2_89266911,89266911,0.168582282379154,0.773188070691691,FALSE
chr2_89883874,89883874,0.169894730246348,0.769820091763243,FALSE
chr2_88855290,88855290,0.174940678837222,0.757109192577493,FALSE
chr2_89094890,89094890,0.175200096437075,0.756465659114982,FALSE
chr2_89843432,89843432,0.179461609632258,0.746028441280946,FALSE
chr2_90165704_2,90165704,0.179916578293874,0.744928817033406,FALSE
chr2_89336157,89336157,0.181358806850318,0.741461350071809,FALSE
chr2_89861526,89861526,0.186540120258537,0.729227747592451,FALSE
chr2_90228069,90228069,0.187166595321149,0.72777165966967,FALSE
chr2_90107776,90107776,0.194681375463115,0.710675594039735,FALSE
chr2_89267652,89267652,0.196359541406309,0.70694799085686,FALSE
chr2_89264997,89264997,0.197624079757735,0.704160139359889,FALSE
chr2_89274878,89274878,0.199661609765662,0.699705431722738,FALSE
chr2_88807675,88807675,0.207573327401565,0.682828452878142,FALSE
chr2_89930652,89930652,0.210242091265027,0.677280332198585,FALSE
chr2_88802798,88802798,0.213027774621145,0.671563769433005,FALSE
chr2_89219549,89219549,0.216541367042421,0.664459125813495,FALSE
chr2_89221108,89221108,0.216541367042421,0.664459125813495,FALSE
chr2_89918829,89918829,0.21824957253077,0.661046598241909,FALSE
chr2_89329934,89329934,0.223344676155388,0.651024395302705,FALSE
chr2_89918887,89918887,0.22468921777271,0.648417767697323,FALSE
chr2_88855286,88855286,0.227275872891891,0.643446665577586,FALSE
chr2_89915925,89915925,0.229372936569698,0.639457825283071,FALSE
chr2_89213519,89213519,0.232387473828681,0.633787285032548,FALSE
chr2_89020075,89020075,0.23419625177287,0.630420059935671,FALSE
chr2_89023815,89023815,0.23419625177287,0.630420059935671,FALSE
chr2_89068715,89068715,0.23419625177287,0.630420059935671,FALSE
chr2_89102928,89102928,0.23419625177287,0.630420059935671,FALSE
chr2_89106300,89106300,0.23419625177287,0.630420059935671,FALSE
chr2_89139671,89139671,0.235659212041201,0.62771557877528,FALSE
chr2_89258872,89258872,0.237598160440245,0.624156926122424,FALSE
chr2_89917534,89917534,0.238859830791427,0.621856879686849,FALSE
chr2_88821308,88821308,0.241440929005047,0.617189106507396,FALSE
chr2_88859459,88859459,0.243071980379867,0.614265100670224,FALSE
chr2_90094422,90094422,0.244004312580295,0.612602497787199,FALSE
chr2_90129305,90129305,0.244004312580295,0.612602497787199,FALSE
chr2_90156434,90156434,0.244004312580295,0.612602497787199,FALSE
chr2_90158468,90158468,0.244004312580295,0.612602497787199,FALSE
chr2_89265232,89265232,0.245508768871583,0.609932991506268,FALSE
chr2_88941003,88941003,0.247129236448361,0.607075872659048,FALSE
chr2_88943561,88943561,0.247129236448361,0.607075872659048,FALSE
chr2_89237381,89237381,0.251428397867586,0.59958567199342,FALSE
chr2_89921583,89921583,0.255517134637357,0.59257997134555,FALSE
chr2_89260936,89260936,0.255758639069711,0.592169687676653,FALSE
chr2_88859969,88859969,0.25598971634113,0.59177748088349,FALSE
chr2_88919893,88919893,0.259028280224933,0.586652817867973,FALSE
chr2_88973756,88973756,0.264291291166901,0.577917147350594,FALSE
chr2_89919104,89919104,0.278734790488524,0.554808821117305,FALSE
chr2_90090875,90090875,0.285679019086597,0.544121654015252,FALSE
chr2_88904605,88904605,0.286088216039831,0.543500030395626,FALSE
chr2_89066389,89066389,0.289361647128387,0.538559032112302,FALSE
chr2_89073624,89073624,0.289361647128387,0.538559032112302,FALSE
chr2_88855244,88855244,0.291106554565369,0.535948015861349,FALSE
chr2_89915635,89915635,0.297056134352369,0.527161474804291,FALSE
chr2_88946442,88946442,0.299777994327684,0.523200250383069,FALSE
chr2_89919592,89919592,0.302629844282823,0.519088245618083,FALSE
chr2_89317464,89317464,0.310525229287204,0.507903108868744,FALSE
chr2_89267563,89267563,0.312255543748536,0.505489842471759,FALSE
chr2_89212871,89212871,0.312653640399458,0.504936510222742,FALSE
chr2_89972870,89972870,0.315373342555033,0.501175018903524,FALSE
chr2_89919468,89919468,0.318976449388136,0.496241380511286,FALSE
chr2_89213880,89213880,0.319422868043358,0.495633995180853,FALSE
chr2_89197835,89197835,0.324116195613163,0.489299267364292,FALSE
chr2_90163584,90163584,0.324213301370724,0.489169171494271,FALSE
chr2_89879944,89879944,0.333270603139625,0.477202992541976,FALSE
chr2_89003865,89003865,0.336211364300253,0.473387611034925,FALSE
chr2_89917516,89917516,0.337405143611512,0.471848301044257,FALSE
chr2_89047232,89047232,0.341051780455031,0.467179678899944,FALSE
chr2_89179127,89179127,0.346496788053562,0.460300786844611,FALSE
chr2_89179685,89179685,0.346496788053562,0.460300786844611,FALSE
chr2_89184231,89184231,0.346496788053562,0.460300786844611,FALSE
chr2_89187193,89187193,0.346496788053562,0.460300786844611,FALSE
chr2_89193510,89193510,0.346496788053562,0.460300786844611,FALSE
chr2_89195832,89195832,0.346496788053562,0.460300786844611,FALSE
chr2_89196398,89196398,0.346496788053562,0.460300786844611,FALSE
chr2_89209249,89209249,0.346496788053562,0.460300786844611,FALSE
chr2_89209369,89209369,0.346496788053562,0.460300786844611,FALSE
chr2_89211042,89211042,0.346496788053562,0.460300786844611,FALSE
chr2_88952118,88952118,0.349279778649376,0.456826556862218,FALSE
chr2_90104571,90104571,0.352404077288707,0.452959075476384,FALSE
chr2_89977775,89977775,0.352647523608028,0.452659161548983,FALSE
chr2_88839701,88839701,0.354412115301449,0.45049144051345,FALSE
chr2_89120060,89120060,0.359986294401837,0.443714033618716,FALSE
chr2_89125559,89125559,0.359986294401837,0.443714033618716,FALSE
chr2_89128961,89128961,0.359986294401837,0.443714033618716,FALSE
chr2_89134161,89134161,0.359986294401837,0.443714033618716,FALSE
chr2_89150117,89150117,0.359986294401837,0.443714033618716,FALSE
chr2_89150383,89150383,0.359986294401837,0.443714033618716,FALSE
chr2_89162853,89162853,0.359986294401837,0.443714033618716,FALSE
chr2_90082617,90082617,0.362997975314296,0.440095797311769,FALSE
chr2_90084556,90084556,0.362997975314296,0.440095797311769,FALSE
chr2_90090015,90090015,0.362997975314296,0.440095797311769,FALSE
chr2_90092712,90092712,0.362997975314296,0.440095797311769,FALSE
chr2_90106977,90106977,0.362997975314296,0.440095797311769,FALSE
chr2_90109305,90109305,0.362997975314296,0.440095797311769,FALSE
chr2_90115129,90115129,0.362997975314296,0.440095797311769,FALSE
chr2_90116372,90116372,0.362997975314296,0.440095797311769,FALSE
chr2_90124974,90124974,0.362997975314296,0.440095797311769,FALSE
chr2_90137311,90137311,0.362997975314296,0.440095797311769,FALSE
chr2_90150704,90150704,0.362997975314296,0.440095797311769,FALSE
chr2_90158708,90158708,0.362997975314296,0.440095797311769,FALSE
chr2_89127913,89127913,0.366208886199208,0.436271121584137,FALSE
chr2_89265093,89265093,0.370736578115687,0.430934562904592,FALSE
chr2_88927638,88927638,0.373353982251927,0.427879212058201,FALSE
chr2_88927642,88927642,0.374900106411496,0.42608443630846,FALSE
chr2_89850160,89850160,0.378703953801229,0.421700160669792,FALSE
chr2_88852062,88852062,0.379497207008614,0.420791416040466,FALSE
chr2_90182664,90182664,0.385809806489416,0.41362673768199,FALSE
chr2_90182817,90182817,0.385809806489416,0.41362673768199,FALSE
chr2_90185322,90185322,0.385809806489416,0.41362673768199,FALSE
chr2_90195080,90195080,0.385809806489416,0.41362673768199,FALSE
chr2_90196805,90196805,0.385809806489416,0.41362673768199,FALSE
chr2_89292836,89292836,0.386125192765705,0.413271861877127,FALSE
chr2_89222103,89222103,0.387072078771116,0.412208155141841,FALSE
chr2_88802081,88802081,0.389474202991085,0.409521302740192,FALSE
chr2_90134611,90134611,0.39728546948571,0.400897318754292,FALSE
chr2_88927644,88927644,0.406879621486351,0.390534061185437,FALSE
chr2_90067648,90067648,0.416308238962504,0.38058499410831,FALSE
chr2_89288654,89288654,0.418651713528432,0.378147126898254,FALSE
chr2_88811802,88811802,0.428890427300723,0.367653646968827,FALSE
chr2_89865852,89865852,0.430426691736935,0.366100804919199,FALSE
chr2_88855809,88855809,0.43378154799236,0.362728925755517,FALSE
chr2_89178268,89178268,0.442111817486316,0.354467876407167,FALSE
chr2_89180565,89180565,0.442111817486316,0.354467876407167,FALSE
chr2_89181405,89181405,0.442111817486316,0.354467876407167,FALSE
chr2_89181459,89181459,0.442111817486316,0.354467876407167,FALSE
chr2_89184380,89184380,0.442111817486316,0.354467876407167,FALSE
chr2_89184385,89184385,0.442111817486316,0.354467876407167,FALSE
chr2_89187508,89187508,0.442111817486316,0.354467876407167,FALSE
chr2_89187836,89187836,0.442111817486316,0.354467876407167,FALSE
chr2_89195408,89195408,0.442111817486316,0.354467876407167,FALSE
chr2_89199040,89199040,0.442111817486316,0.354467876407167,FALSE
chr2_89200073,89200073,0.442111817486316,0.354467876407167,FALSE
chr2_89202520,89202520,0.442111817486316,0.354467876407167,FALSE
chr2_89203823,89203823,0.442111817486316,0.354467876407167,FALSE
chr2_89204289,89204289,0.442111817486316,0.354467876407167,FALSE
chr2_89264973,89264973,0.442155013049975,0.354425446691821,FALSE
chr2_88862841,88862841,0.447662079658487,0.349049692064082,FALSE
chr2_88864958,88864958,0.447662079658487,0.349049692064082,FALSE
chr2_88814851,88814851,0.450464984675881,0.346338961739439,FALSE
chr2_89285070,89285070,0.451080663723263,0.345745789214136,FALSE
chr2_89297720,89297720,0.451080663723263,0.345745789214136,FALSE
chr2_89298323,89298323,0.451080663723263,0.345745789214136,FALSE
chr2_88857062,88857062,0.453232286806729,0.343679159968066,FALSE
chr2_88857064,88857064,0.453232286806729,0.343679159968066,FALSE
chr2_90206481,90206481,0.45331320918567,0.343601625761817,FALSE
chr2_89146473,89146473,0.455664286455968,0.341355008729174,FALSE
chr2_89215432,89215432,0.4557391021289,0.341283707624978,FALSE
chr2_89222986,89222986,0.4557391021289,0.341283707624978,FALSE
chr2_89229925,89229925,0.4557391021289,0.341283707624978,FALSE
chr2_89238073,89238073,0.4557391021289,0.341283707624978,FALSE
chr2_88859633,88859633,0.463225904561892,0.334207161945317,FALSE
chr2_89321697,89321697,0.465272367755238,0.332292739187703,FALSE
chr2_89119570,89119570,0.466520895437874,0.331128899462747,FALSE
chr2_89125435,89125435,0.466520895437874,0.331128899462747,FALSE
chr2_89126903,89126903,0.466520895437874,0.331128899462747,FALSE
chr2_90263534,90263534,0.471243231161024,0.326754874856237,FALSE
chr2_88878919,88878919,0.471837099131809,0.326207914839159,FALSE
chr2_88966242,88966242,0.471837099131809,0.326207914839159,FALSE
chr2_88829483,88829483,0.472405317735481,0.325685222298622,FALSE
chr2_88864481,88864481,0.473843153626171,0.324365389944425,FALSE
chr2_89868439,89868439,0.474815433149449,0.323475173410128,FALSE
chr2_89247410,89247410,0.475351533607227,0.32298510060522,FALSE
chr2_89265097,89265097,0.480900294171229,0.317944957264096,FALSE
chr2_89871607,89871607,0.485294971342816,0.313994208848286,FALSE
chr2_89873953,89873953,0.485294971342816,0.313994208848286,FALSE
chr2_88861377,88861377,0.487747972013463,0.311804527664235,FALSE
chr2_89327287,89327287,0.489607045553438,0.310152341224088,FALSE
chr2_89872824,89872824,0.49091542439246,0.308993322303685,FALSE
chr2_88927648,88927648,0.495185517327557,0.305232065596788,FALSE
chr2_90084151,90084151,0.495414038556365,0.305031690965404,FALSE
chr2_90144748,90144748,0.495414038556365,0.305031690965404,FALSE
chr2_89881974,89881974,0.49576460158712,0.304724485805813,FALSE
chr2_89896789,89896789,0.496968860207709,0.303670823064754,FALSE
chr2_88825485,88825485,0.502680774293435,0.298707724634548,FALSE
chr2_90062656,90062656,0.506252817377673,0.29563254685249,FALSE
chr2_89969787,89969787,0.509098480731106,0.293198198997,FALSE
chr2_89265202,89265202,0.509400447738058,0.292940677648645,FALSE
chr2_89049559,89049559,0.509605130048523,0.292766208732849,FALSE
chr2_89205716,89205716,0.512051759204429,0.290686137460233,FALSE
chr2_89017710,89017710,0.5151196797799,0.2880918578916,FALSE
chr2_89022874,89022874,0.5151196797799,0.2880918578916,FALSE
chr2_89032282,89032282,0.5151196797799,0.2880918578916,FALSE
chr2_89871596,89871596,0.518803462949318,0.284997133716022,FALSE
chr2_90070606,90070606,0.518831240219926,0.284973881765574,FALSE
chr2_88850263,88850263,0.529143688545711,0.276426379630247,FALSE
chr2_88850858,88850858,0.529143688545711,0.276426379630247,FALSE
chr2_89888864,89888864,0.529906566086449,0.275800699097776,FALSE
chr2_88868660,88868660,0.533415875915201,0.272934062662337,FALSE
chr2_89256888,89256888,0.535030165149318,0.271621731644975,FALSE
chr2_90073194,90073194,0.535231921268576,0.271457993115069,FALSE
chr2_90173082,90173082,0.536404806407837,0.270507339345701,FALSE
chr2_90189822,90189822,0.536404806407837,0.270507339345701,FALSE
chr2_90199407,90199407,0.536404806407837,0.270507339345701,FALSE
chr2_88940115,88940115,0.541149605807132,0.266682653572764,FALSE
chr2_88950682,88950682,0.541149605807132,0.266682653572764,FALSE
chr2_90132350,90132350,0.541795635664899,0.266164497668088,FALSE
chr2_89309781,89309781,0.543323963329095,0.264941139965199,FALSE
chr2_89910250,89910250,0.544919397847192,0.263667731959994,FALSE
chr2_89917518,89917518,0.546428981771908,0.262466274389075,FALSE
chr2_89312921,89312921,0.548066249426558,0.261166941476635,FALSE
chr2_89314164,89314164,0.558936121417216,0.252637823063885,FALSE
chr2_88799319,88799319,0.560530271743219,0.251400928125155,FALSE
chr2_89920850,89920850,0.564127036543331,0.248623085631454,FALSE
chr2_89969398,89969398,0.564364497050926,0.248440314584316,FALSE
chr2_88927640,88927640,0.569586631428436,0.244440212427722,FALSE
chr2_89870813,89870813,0.590801682751415,0.228558276378684,FALSE
chr2_89870929,89870929,0.590801682751415,0.228558276378684,FALSE
chr2_89871368,89871368,0.590801682751415,0.228558276378684,FALSE
chr2_89871474,89871474,0.590801682751415,0.228558276378684,FALSE
chr2_89871652,89871652,0.590801682751415,0.228558276378684,FALSE
chr2_89871870,89871870,0.590801682751415,0.228558276378684,FALSE
chr2_89872132,89872132,0.590801682751415,0.228558276378684,FALSE
chr2_89869406,89869406,0.598200980990356,0.223152879104184,FALSE
chr2_89869457,89869457,0.598200980990356,0.223152879104184,FALSE
chr2_89869610,89869610,0.598200980990356,0.223152879104184,FALSE
chr2_89869886,89869886,0.598200980990356,0.223152879104184,FALSE
chr2_89173790,89173790,0.598320080070833,0.223066421664687,FALSE
chr2_89882648,89882648,0.599796683080764,0.22199594024989,FALSE
chr2_89884417,89884417,0.599796683080764,0.22199594024989,FALSE
chr2_88856611,88856611,0.600687142147834,0.221351664130568,FALSE
chr2_89217290,89217290,0.601132837259354,0.221029547774152,FALSE
chr2_89226026,89226026,0.601132837259354,0.221029547774152,FALSE
chr2_89244532,89244532,0.601132837259354,0.221029547774152,FALSE
chr2_89139992,89139992,0.603855865505743,0.219066710858235,FALSE
chr2_90104228,90104228,0.613291396852749,0.212333127478794,FALSE
chr2_90143897,90143897,0.61561018544577,0.210694203255277,FALSE
chr2_90104428,90104428,0.617312811861981,0.209494709484824,FALSE
chr2_90220002,90220002,0.617364240782146,0.209458529503665,FALSE
chr2_90256655,90256655,0.617364240782146,0.209458529503665,FALSE
chr2_90201608,90201608,0.617364240782147,0.209458529503665,FALSE
chr2_90203289,90203289,0.617364240782147,0.209458529503665,FALSE
chr2_90216901,90216901,0.617364240782147,0.209458529503665,FALSE
chr2_90216902,90216902,0.617364240782147,0.209458529503665,FALSE
chr2_89872252,89872252,0.61930272047444,0.208097012216422,FALSE
chr2_88854568,88854568,0.625504073833201,0.203769857453346,FALSE
chr2_89308652,89308652,0.62806672160861,0.20199421727039,FALSE
chr2_89307642,89307642,0.63500392216127,0.197223592239149,FALSE
chr2_88813233,88813233,0.642040735298554,0.192437416550853,FALSE
chr2_88817830,88817830,0.642040735298554,0.192437416550853,FALSE
chr2_88805733,88805733,0.647127872431583,0.18900989428605,FALSE
chr2_88854640,88854640,0.648630043175069,0.188002939593082,FALSE
chr2_89917867,89917867,0.64902381992586,0.187739363796667,FALSE
chr2_88927646,88927646,0.650475756159367,0.186768885362836,FALSE
chr2_88823670,88823670,0.651697250174844,0.18595411149851,FALSE
chr2_90033838,90033838,0.653836747724942,0.184530674325131,FALSE
chr2_90157019,90157019,0.655799705271386,0.183228782846647,FALSE
chr2_89118998,89118998,0.664423108109597,0.177555271539779,FALSE
chr2_89211073,89211073,0.677335887784347,0.169195913240821,FALSE
chr2_89218455,89218455,0.677335887784347,0.169195913240821,FALSE
chr2_88843379,88843379,0.690124318783628,0.161072668540315,FALSE
chr2_88804334,88804334,0.694623723280062,0.158250388440048,FALSE
chr2_90033837,90033837,0.698667462580813,0.155729481664283,FALSE
chr2_88870751,88870751,0.700407273039739,0.154649352844694,FALSE
chr2_89172903,89172903,0.703853254860961,0.152517876720403,FALSE
chr2_89869752,89869752,0.709836502954827,0.148841671057416,FALSE
chr2_88810747,88810747,0.710896585032832,0.148193572007462,FALSE
chr2_89900351,89900351,0.711902508073728,0.147579477015714,FALSE
chr2_89321079,89321079,0.714110605543296,0.146234516995629,FALSE
chr2_89268382,89268382,0.718268421054645,0.143713227069681,FALSE
chr2_89273684,89273684,0.721960866003643,0.141486342789489,FALSE
chr2_89273686,89273686,0.721960866003643,0.141486342789489,FALSE
chr2_88819093,88819093,0.724271193364957,0.140098787768263,FALSE
chr2_89265204,89265204,0.730548322861083,0.136351051929792,FALSE
chr2_89862025,89862025,0.737913434040617,0.131994583059845,FALSE
chr2_89871200,89871200,0.745437647320382,0.127588677572754,FALSE
chr2_89310998,89310998,0.750818924364754,0.124464789535496,FALSE
chr2_89890174,89890174,0.75284154749609,0.123296421262014,FALSE
chr2_90268286,90268286,0.755339314287389,0.121857910332983,FALSE
chr2_89231679,89231679,0.756677603487091,0.121089120302178,FALSE
chr2_89326328,89326328,0.757418117496923,0.120664310735085,FALSE
chr2_89918413,89918413,0.758917324042622,0.119805533284726,FALSE
chr2_89265150,89265150,0.764356815398979,0.116703857676315,FALSE
chr2_89917664,89917664,0.784691601223905,0.105300995742539,FALSE
chr2_89318777,89318777,0.796539677332846,0.0987925861936319,FALSE
chr2_89319098,89319098,0.796539677332846,0.0987925861936319,FALSE
chr2_89319239,89319239,0.796539677332846,0.0987925861936319,FALSE
chr2_89319307,89319307,0.796539677332846,0.0987925861936319,FALSE
chr2_90126993,90126993,0.799199130437283,0.0973449973127238,FALSE
chr2_88852220,88852220,0.800102608716133,0.0968543135809947,FALSE
chr2_88859770,88859770,0.803640490729386,0.0949381898215822,FALSE
chr2_89869798,89869798,0.803905008949037,0.0947952653392364,FALSE
chr2_89969773,89969773,0.812493913488375,0.0901798837008588,FALSE
chr2_90203081,90203081,0.818134830155943,0.0871751178844392,FALSE
chr2_89869039,89869039,0.820430159403004,0.0859583831384425,FALSE
chr2_88852371,88852371,0.827626750519601,0.0821654805301108,FALSE
chr2_89852362,89852362,0.856798254231458,0.0671214270716453,FALSE
chr2_88823490,88823490,0.865701231937272,0.0626319644589393,FALSE
chr2_88800029,88800029,0.872232241456896,0.0593678639730456,FALSE
chr2_88849459,88849459,0.874338711131154,0.0583202929046781,FALSE
chr2_88850700,88850700,0.874338711131154,0.0583202929046781,FALSE
chr2_90252610,90252610,0.875301041842436,0.0578425546055683,FALSE
chr2_89327122,89327122,0.878930786617959,0.0560453230757102,FALSE
chr2_89329266,89329266,0.878930786617959,0.0560453230757102,FALSE
chr2_89917619,89917619,0.881652010169322,0.0547027979577146,FALSE
chr2_89927552,89927552,0.88204087363118,0.054511289265939,FALSE
chr2_90263986,90263986,0.888145944045061,0.0515156631791806,FALSE
chr2_89321699,89321699,0.898813543857391,0.0463303919958865,FALSE
chr2_89897441,89897441,0.901473866138361,0.0450468590207973,FALSE
chr2_89900520,89900520,0.901473866138361,0.0450468590207973,FALSE
chr2_90008830,90008830,0.902895936936151,0.0443623013129754,FALSE
chr2_89889877,89889877,0.907903448687768,0.0419603342230387,FALSE
chr2_89847521,89847521,0.909553749765921,0.0411716313591567,FALSE
chr2_90095859,90095859,0.910964648696364,0.0404984761268793,FALSE
chr2_90164860,90164860,0.928385299102615,0.0322717451755791,FALSE
chr2_88882730,88882730,0.92921848495238,0.0318821593615064,FALSE
chr2_89860912,89860912,0.952023222685792,0.0213524577486287,FALSE
chr2_89173124,89173124,0.952192333739847,0.0212753194251337,FALSE
chr2_89959102,89959102,0.956508426979868,0.0193111994215949,FALSE
chr2_89960538,89960538,0.956508426979868,0.0193111994215949,FALSE
chr2_89265176,89265176,0.981066635955999,0.00830149349146188,FALSE
chr2_88810233,88810233,0.990392594511111,0.00419261567349716,FALSE
